{"population_size":50,"n_generations":14,"gbe_vals":[[1.3093311367086],[1.37986518112743,1.31159297544509,1.31188906156108,1.31159294639392,1.31159482387967,1.69071627915071,1.30957123988756,1.31159482009768,1.31159296035558,1.361547209154,1.60088599849308,1.31159287077727,1.31159287325015,1.31162269305201,1.31162298358553,1.31182556498707,1.31159286254846,1.29915208454987,1.23173046492051,1.31159077936139,1.31162623475588,1.36398752474933,1.3115948228148,1.29948100129763,1.21780817351502,1.31159297253282,1.31107146919476,1.31159482281877,2.40348835435917,1.31162390817425,1.31188719896034,1.311889074446,1.3116308241689,1.59295174053426,1.31149982335808,1.31158508987882,3.52677457713766,1.31160878801459,2.62316740536099,1.32273379995556,1.31159482502986,1.40033284748655,1.49312426954091,1.31158102454551,1.31159286407591,1.69074743311139,1.31039770277796,1.64706391862491],[1.21780844031599,1.23173081263462,1.29922363538914,1.29948238098626,1.3093263969573,1.8624966957772,1.31389135374712,1.31159248893241,1.3093244178183,1.30932651561259,1.31160859452519,2.02198462665435,1.43033126768348,1.3138888903125,1.43143986191833,1.31385924176375,1.30932639711901,1.31149972946821,1.31039762540573,1.54003670187641,1.30932645823581,1.31385915248471,1.30932645836722,1.99469284962435,1.45216586330197,1.31159286004448,1.31871007214278,1.30174973390802,1.41346228351751,1.3014946964215,1.31385700444592,1.30177750550147,1.30149434061603,1.57407694379969,1.3138921559718,1.57670697090011,1.31373902588555,1.35423528221509,1.40981551274998,1.31415321151726,1.3116242186442,1.31386004016183,1.59266934292308,1.23399633315329,1.31387494162932,1.31415342317586,1.23405485522724],[1.21780876384909,1.23173090957345,1.23399642858388,1.23405481767256,1.31149969328752,1.42927083174356,1.31160853415331,2.14606663239462,1.24386371746159,2.33368005813708,1.43389608683399,1.31159000516752,1.60002482679798,2.16051421957587,1.30175064631711,1.30932643987187,1.33830132808801,1.30932644356277,1.35674959919013,1.31160852987953,1.30932629010679,1.31385696456992,1.3115918335452,1.31160852999095,1.51368613286575,1.31039948432647,1.30932643809769,1.31158554709081,1.31266385742596,1.23632036420748,1.31612557339911,1.31188694966486,1.30149311983191,1.92256658405759,1.31159250609098,1.37728509665881,1.30174163223011,1.31414365032453,1.30175132305683,1.23632032685755,1.31188610462875,1.31415330400653,1.31475695477246,1.22039678902457,1.31387487634865,1.23402814796742,2.32746390967826],[1.2178090819117,1.22039665712943,1.23173095030434,1.23399650664869,1.25678957339828,2.332148500307,1.42925945449102,1.30932644049874,1.83563774669206,1.78597179918668,1.23173073307099,1.31149937756211,1.31039849620511,1.31158571890538,1.23629367641618,1.41034642420198,1.25911164824792,1.43385942006036,1.46230892029984,1.3118869925613,1.30932513516739,1.39738644110335,1.31159280376558,1.31387486052861,1.30403882274764,1.31389342001671,1.65864575308387,1.30376241060604,1.49886756934192,1.47529260362364,1.31444676224183,1.23626202790489,1.34286920007796,1.30401839739373,1.32322018559753,1.22006868514972,1.31416910990141,1.34658213679168,1.30430777452957,1.22266113097461,1.52301203874428,1.31385194293119],[1.21780909653075,1.2200686858207,1.22039670306013,1.2226611725071,2.14855828592993,1.31039793683106,1.71995557945881,1.46930514835778,2.3765816937687,2.1344101749625,1.52977914965498,1.31615240033879,1.47979418792852,1.42925590521286,2.13128201393988,1.94083397196837,1.31158548642524,1.41369295647505,1.88919969394402,1.3115928012986,1.95546029083783,1.57379593749008,2.03688353363089,1.48983764226275,1.25655270246077,1.25877924200942,1.33393516083056,1.30630579496206,1.40646738802355,1.23399646567694,1.2614025373404,1.23399649274303,1.31417649523824,1.30536920948403,1.22268352648343,1.31485505065465,1.31306420179904,1.30633554949923,1.63066596594567,1.56503069427175,1.23563515627361,1.30632600872111,1.22009257407746,1.25710417410387],[1.21780909626577,1.22006868717883,1.22009196624052,1.22039672881019,1.40565165906458,1.27250295941177,1.47472200686592,2.2273958651888,2.33825244040857,1.45885004632447,1.47398745152782,2.83676279590844,1.49553469900951,1.83665281188755,1.31825206268411,1.88638018657695,1.42926332193876,1.46672697753546,2.1602093732815,1.27282780120854,1.98484884998987,1.38238311582702,1.28925025527289,1.25937081133765,1.56276920887588,1.22269009167595,1.44022504796385,1.59802032595488,1.30739762067098,1.31713745842278,1.25911215530907,1.33616263532414,1.31385193016042,1.52891708731279,1.23626204506155,1.60819000640735,1.34232113433487,1.22233318482438,1.42009865610217,1.526796829564,1.32066984685482,1.30857308386674,1.58768875482253],[1.21780909626595,1.22006868716086,1.22009175400675,1.22039674266508,1.94944680905058,1.52105535954698,1.27281331254169,1.30735899509714,1.5902852141967,1.29674913631353,1.31424504716984,2.09026727656448,2.04617536992981,1.38480905097099,1.9616096520865,2.29764301943236,1.21780892351048,1.37142820304641,1.54660964682563,1.68537310080848,1.14788377525037,1.3843333972198,2.38747631676377,1.52013742876949,1.22294892907956,1.29149460831467,1.3229372029015,1.33843033015263,1.22233317313402,1.44251823796227,1.26114055799058,1.2753857230123,1.27509013624462,1.44251092502871,1.46944405980959,1.27509356300292,1.3384302056663,1.22460798867577,1.51583406758331,1.76474481908791,1.38494053201715,1.23626205062343,1.56306760716511],[1.14788567014127,1.2178090962355,1.21780909623904,1.22006868583887,1.7718944460898,1.48113398592122,1.42068607576021,1.9915121994654,1.55100920233908,2.11069372924843,1.46565557241353,1.83697790818447,1.21780885611304,1.2855965602175,1.80664922883111,1.26247954871026,2.03004877453377,1.55693486205101,2.10182486950462,1.92615723693968,2.22925552890066,1.21864754406766,1.26534303149361,1.81865864514447,1.3736973449745,1.22686988466898,1.50455844665317,1.31651223021394,1.51612066980552,1.32655224405707,1.15015432807526,1.40789304812823,1.22521276574351,1.30750299612537,1.32518388965463,1.65539119037323,2.52925205114769,1.3073663957282,1.21833480028166,1.2246186760662,1.29376295767498,1.29376220140918,1.22294846315753],[1.14788568044621,1.15015479781872,1.21780900583652,1.21780909622615,1.28215652520154,1.61720248708269,1.26021480514219,1.3539598174951,1.28816858336887,2.15622853885523,1.36469240186242,2.3656061255057,1.36632137715633,1.22755497789,2.35777169563558,1.33557678535334,2.08863979949608,2.27726641252156,1.19507453799105,1.44182373287378,1.36862660414029,2.76296647291844,1.70099780366202,1.88385677500904,1.26110781167275,1.29603125087059,1.22007351372523,1.32774267922104,1.47602107392323,1.30966160430944,1.43186182356565,1.29606227606693,1.32729494006725,1.22029522256167,1.30991965861432,1.26763715983177,1.26475450438513,1.58185416487724,1.22091583548133,1.420321893601,1.32744848546139,1.2252321673526,1.22061729176745,1.2960472788773],[1.14788568419484,1.15015501720524,1.19507504627636,1.21780905725675,1.27268539890474,1.96876316118583,1.14832159013221,1.45297353203474,1.49742455543996,1.25370226617502,1.20105982260088,2.1650167019599,1.26857830058206,1.24430225974676,1.4443484780421,1.40445457001319,1.89067842327428,2.42814772803712,1.19940928771283,1.2274964583269,2.08454051004163,1.28432016858378,1.93923639027139,1.58365147451252,1.27418828750888,2.01633049731839,1.49386199493198,1.22009410445718,1.22778448397899,1.32956108945797,1.29832621455976,1.26337780449413,1.22233219708759,1.22322120645152,1.22007338016386,1.22318425556951,1.29590552890525,1.31218816768236,1.32994151408808,1.26787662239389,1.2228740170246,1.33003295438702,1.32835893811928,1.21636724492973,1.3295609643019,1.29832942661757,1.22982288011375,1.23977151792494],[1.14788568427777,1.14832417181229,1.15015511674084,1.19507529100688,1.96324772556053,1.20103343049011,1.57495121712551,1.41336406872821,1.69450154682078,1.20318503442733,2.04546749761992,1.23527289718847,1.3012719872373,1.39377614554041,2.27039021104712,1.22936414650191,1.74840363577848,1.79579557095013,2.38396088412197,