case_id	source_row	status	boundary_type	axis_set	natoms	u_atoms	o_atoms	elapsed_s	peak_rss_mib	returncode	signal	data_file	metadata_file	data_sha256	audit_status	audit_reasons	audit_bins_y	audit_bins_z	central_gap_min_angstrom	central_gap_median_angstrom	central_gap_p95_angstrom	central_gap_max_angstrom	central_gap_range_angstrom	central_empty_left_fraction	central_empty_right_fraction	periodic_gap_min_angstrom	periodic_gap_median_angstrom	periodic_gap_p95_angstrom	periodic_gap_max_angstrom	periodic_gap_range_angstrom	periodic_empty_left_fraction	periodic_empty_right_fraction	left_internal_min_angstrom	right_internal_min_angstrom	central_cross_min_angstrom	periodic_cross_min_angstrom	periodic_duplicate_count	p_det_abs	q_det_abs	max_miller_row_norm	box_x_angstrom	box_y_angstrom	box_z_angstrom	warning_count	warnings	error_type	message	stdout_tail	stderr_tail
zhang_001_ST_100	1	skipped	ST	100	37260	12420	24840	0.0		0		/home/frenjc/projects/GBOpt/results/phase_a_geometry_audit/zhang_001_ST_100/structure.data	/home/frenjc/projects/GBOpt/results/phase_a_geometry_audit/zhang_001_ST_100/metadata.json	30548fcb746248fe79a5b272bb21aef5fef18e1d44aedb0e2e8c90816099d74e	suspicious	"[""central_interface_large_gap_range"",""central_interface_heavy_gap_tail"",""periodic_interface_large_gap_range"",""periodic_interface_heavy_gap_tail"",""central_interface_severe_overlap"",""periodic_interface_severe_overlap""]"	21	6	0.45380023053184004	5.596869509892926	10.13487181521154	10.739938789254012	10.286138558722172	0.0	0.0	0.7563337175530809	5.748136253403564	10.51303867398807	11.647539250317731	10.89120553276465	0.0	0.0	2.3616512761201394	2.3616512761201305	0.45380023053184004	0.9076004610637085	0	325	325	18.027756377319946	196.64676656380595	98.32338328190298	27.27	0	[]		Existing output matches the current generation signature.		
zhang_002_ST_100	2	skipped	ST	100	16320	5440	10880	0.0		0		/home/frenjc/projects/GBOpt/results/phase_a_geometry_audit/zhang_002_ST_100/structure.data	/home/frenjc/projects/GBOpt/results/phase_a_geometry_audit/zhang_002_ST_100/metadata.json	af4076cec2eb16882759ea0fa5a192b3b8d611a5fca520d0ce929f1f3861d3d9	suspicious	"[""central_interface_large_gap_range"",""central_interface_heavy_gap_tail"",""periodic_interface_large_gap_range"",""periodic_interface_heavy_gap_tail"",""central_interface_severe_overlap"",""periodic_interface_severe_overlap""]"	14	6	0.22646502356116116	4.755765494784132	10.190926060251712	10.190926060251712	9.964461036690551	0.0	0.0	0.45293004712230955	5.661625589028733	10.417391083812847	10.870321130935157	10.417391083812847	0.0	0.0	2.361651276120144	2.3616512761201416	0.22646502356116116	0.4529300471223223	0	145	145	12.041594578792296	131.34971366546637	65.67485683273318	27.27	0	[]		Existing output matches the current generation signature.		
zhang_003_ST_100	3	skipped	ST	100	18840	6280	12560	0.0		0		/home/frenjc/projects/GBOpt/results/phase_a_geometry_audit/zhang_003_ST_100/structure.data	/home/frenjc/projects/GBOpt/results/phase_a_geometry_audit/zhang_003_ST_100/metadata.json	aedc9cd8ed97de3adbfbd006210d4d8b4bed0d0c79e621ef38315aba010721c3	suspicious	"[""central_interface_large_gap_range"",""central_interface_heavy_gap_tail"",""periodic_interface_large_gap_range"",""periodic_interface_heavy_gap_tail"",""central_interface_severe_overlap"",""periodic_interface_severe_overlap""]"	11	6	0.6022935432122267	4.818348345697714	10.238990234607641	10.238990234607641	9.636696691395414	0.0	0.0	0.6022935432122205	5.4206418889099215	10.238990234607623	10.841283777819843	10.238990234607623	0.0	0.0	2.3616512761201442	2.3616512761201407	0.6022935432122267	0.6022935432122267	0	82	82	9.055385138137417	197.55228217360587	49.38807054340147	27.27	0	[]		Existing output matches the current generation signature.		
zhang_004_ST_100	4	skipped	ST	100	11340	3780	7560	0.0		0		/home/frenjc/projects/GBOpt/results/phase_a_geometry_audit/zhang_004_ST_100/structure.data	/home/frenjc/projects/GBOpt/results/phase_a_geometry_audit/zhang_004_ST_100/metadata.json	4dd079dafd0aa612432daa4dc9757a0338f32a898b73295726bec55c3a6b4d81	suspicious	"[""central_interface_large_gap_range"",""central_interface_heavy_gap_tail"",""periodic_interface_large_gap_range"",""periodic_interface_heavy_gap_tail"",""periodic_interface_severe_overlap""]"	9	6	1.5426241538365844	5.399184538428003	9.255744923019435	9.255744923019435	7.713120769182851	0.0	0.0	0.7713120769182753	5.39918453842801	10.027056999937743	11.569681153774294	10.79836907685602	0.0	0.0	2.361651276120147	2.3616512761201327	1.5426241538365844	0.7713120769182638	0	50	50	7.0710678118654755	154.2624153836572	38.5656038459143	27.27	0	[]		Existing output matches the current generation signature.		
zhang_005_ST_100	5	skipped	ST	100	8220	2740	5480	0.0		0		/home/frenjc/projects/GBOpt/results/phase_a_geometry_audit/zhang_005_ST_100/structure.data	/home/frenjc/projects/GBOpt/results/phase_a_geometry_audit/zhang_005_ST_100/metadata.json	3225c71b515f35987426333f80512717f8a5413943273564eaa1a02844b05254	suspicious	"[""central_interface_large_gap_range"",""central_interface_heavy_gap_tail"",""periodic_interface_large_gap_range"",""periodic_interface_heavy_gap_tail""]"	8	6	1.3449481151451153	5.379792460580507	10.311268882779302	10.311268882779302	8.966320767634187	0.0	0.0	2.241580191908562	6.276424537343932	9.8629528443976	11.207900959542723	8.966320767634162	0.0	0.0	2.3616512761201522	2.361651276120144	1.3449481151451153	2.689896230290259	0	37	37	6.082762530298219	132.70154736098596	33.17538684024649	27.27	0	[]		Existing output matches the current generation signature.		
zhang_006_ST_100	6	skipped	ST	100	8880	2960	5920	0.0		0		/home/frenjc/projects/GBOpt/results/phase_a_geometry_audit/zhang_006_ST_100/structure.data	/home/frenjc/projects/GBOpt/results/phase_a_geometry_audit/zhang_006_ST_100/metadata.json	4a089ee53755dc9cac7897c2d7c3dbda01b99ab61a319f7c0637633331b99a4b	suspicious	"[""central_interface_large_gap_range"",""central_interface_heavy_gap_tail"",""periodic_interface_large_gap_range"",""periodic_interface_heavy_gap_tail""]"	6	6	1.0696174010436295	5.348087005218261	8.55693920834922	8.55693920834922	7.487321807305591	0.0	0.0	1.0696174010436355	5.882895705740081	9.626556609392889	10.696174010436554	9.62655660939292	0.0	0.0	2.361651276120142	2.3616512761201385	1.0696174010436295	1.0696174010436437	0	26	26	5.0990195135927845	166.86031456281026	27.810052427135044	27.27	0	[]		Existing output matches the current generation signature.		
zhang_007_ST_100	7	skipped	ST	100	5760	1920	3840	0.0		0		/home/frenjc/projects/GBOpt/results/phase_a_geometry_audit/zhang_007_ST_100/structure.data	/home/frenjc/projects/GBOpt/results/phase_a_geometry_audit/zhang_007_ST_100/metadata.json	f40f84cfca2bbddde4f58719a5ece481588e913ad3ebc3049a99a7cbd3cefd42	suspicious	"[""central_interface_large_gap_range"",""central_interface_heavy_gap_tail"",""periodic_interface_large_gap_range"",""periodic_interface_heavy_gap_tail"",""central_interface_severe_overlap""]"	5	6	0.6613946494740901	3.3069732473703937	8.598130443163022	8.598130443163022	7.936735793688932	0.0	0.0	1.3227892989481704	5.2911571957926515	9.623292149847858	10.582314391585275	9.259525092637105	0.0	0.0	2.3616512761201496	2.361651276120142	0.6613946494740901	1.3227892989481802	0	17	17	4.123105625617661	134.9245084927123	22.48741808211872	27.27	0	[]		Existing output matches the current generation signature.		
zhang_008_ST_100	8	skipped	ST	100	12060	4020	8040	0.0		0		/home/frenjc/projects/GBOpt/results/phase_a_geometry_audit/zhang_008_ST_100/structure.data	/home/frenjc/projects/GBOpt/results/phase_a_geometry_audit/zhang_008_ST_100/metadata.json	5461f0657e5954c9c4cad7a4ca9499b2024ade5e439cbf73e0d57d7830a716c0	suspicious	"[""central_interface_large_gap_range"",""central_interface_heavy_gap_tail"",""periodic_interface_large_gap_range"",""periodic_interface_heavy_gap_tail"",""central_interface_severe_overlap""]"	9	6	0.37458225788805066	3.745822578880748	9.36455644720185	9.36455644720185	8.989974189313799	0.0	0.0	1.4983290315523088	5.24415161043305	8.989974189313791	10.4883032208661	8.989974189313791	0.0	0.0	2.3616512761201456	2.36165127612014	0.37458225788805066	1.4983290315523163	0	53	53	7.280109889280518	158.82287734454377	39.70571933613594	27.27	0	[]		Existing output matches the current generation signature.		
zhang_009_ST_100	9	skipped	ST	100	9000	3000	6000	0.0		0		/home/frenjc/projects/GBOpt/results/phase_a_geometry_audit/zhang_009_ST_100/structure.data	/home/frenjc/projects/GBOpt/results/phase_a_geometry_audit/zhang_009_ST_100/metadata.json	c3afe6791ca252f88af7846d4f8922270c431703c501eaee3a2bf2fbd08aa2b8	suspicious	"[""central_interface_heavy_gap_tail"",""periodic_interface_large_gap_range"",""periodic_interface_heavy_gap_tail""]"	8	6	2.587059353783758	4.311765589639592	6.898824943423335	6.8988249434233495	4.311765589639592	0.0	0.0	1.7247062358558534	6.036471825495422	8.623531179279164	9.4858842972071	7.761178061351247	0.0	0.0	2.3616512761201482	2.3616512761201482	3.4494124717116676	1.724706235855848	0	10	10	3.1622776601683795	137.97649886846673	34.494124717116684	27.27	0	[]		Existing output matches the current generation signature.		
zhang_010_ST_100	10	skipped	ST	100	16620	5540	11080	0.0		0		/home/frenjc/projects/GBOpt/results/phase_a_geometry_audit/zhang_010_ST_100/structure.data	/home/frenjc/projects/GBOpt/results/phase_a_geometry_audit/zhang_010_ST_100/metadata.json	434337822e747af9fbf88e34bea6343f12587c2498003fea25ccec5f62aaa6f8	suspicious	"[""central_interface_large_gap_range"",""central_interface_heavy_gap_tail"",""periodic_interface_large_gap_range"",""periodic_interface_heavy_gap_tail"",""central_interface_severe_overlap""]"	10	6	0.9575136252115328	4.627982521855792	8.93679383530774	10.532649877326975	9.575136252115442	0.0	0.0	1.9150272504230768	5.745081751269257	8.314409978920247	9.575136252115438	7.660109001692362	0.0	0.0	2.3616512761201434	2.361651276120129	0.9575136252115328	1.9150272504230657	0	73	73	8.54400374531753	186.39598570784725	46.59899642696181	27.27	0	[]		Existing output matches the current generation signature.		
zhang_011_ST_100	11	generated	ST	100	9840	3280	6560	0.931944	135.898	0		/home/frenjc/projects/GBOpt/results/phase_a_geometry_audit/zhang_011_ST_100/structure.data	/home/frenjc/projects/GBOpt/results/phase_a_geometry_audit/zhang_011_ST_100/metadata.json	5a6a9430ee196e2226f03aa50b593d8fc1aa7780494442004b9c77ee261155b5	suspicious	"[""central_interface_large_gap_range"",""central_interface_heavy_gap_tail"",""periodic_interface_large_gap_range"",""periodic_interface_heavy_gap_tail""]"	7	6	1.5191735616264452	5.063911872088184	9.621432556967576	9.621432556967576	8.102258995341131	0.0	0.0	3.0383471232529207	6.076694246505841	9.368236963363172	10.127823744176409	7.089476620923488	0.0	0.0	2.361651276120145	2.36165127612014	1.5191735616264452	4.0511294976705585	0	29	29	5.385164807134504	176.2241331486695	29.37068885811158	27.27	4	"[""UserWarning: Recommended repeat factor is at least 2."",""UserWarning: Commensurate repeat pair in z multiplied by 5 to satisfy the minimum in-plane dimension cutoff of 22 A."",""UserWarning: Recommended repeat factor is at least 2."",""UserWarning: Commensurate repeat pair in z multiplied by 5 to satisfy the minimum in-plane dimension cutoff of 22 A.""]"				
zhang_012_ST_100	12	generated	ST	100	13200	4400	8800	0.880562	145.0	0		/home/frenjc/projects/GBOpt/results/phase_a_geometry_audit/zhang_012_ST_100/structure.data	/home/frenjc/projects/GBOpt/results/phase_a_geometry_audit/zhang_012_ST_100/metadata.json	2d3c2408ea4cdd613c812eff1fccf133b49845100665792f281ea0aae05eb33e	suspicious	"[""central_interface_large_gap_range"",""central_interface_heavy_gap_tail"",""periodic_interface_large_gap_range"",""periodic_interface_heavy_gap_tail"",""central_interface_severe_overlap"",""periodic_interface_severe_overlap""]"	9	6	0.7161452848169176	5.01301699371848	7.8775981329861935	8.59374341780314	7.877598132986222	0.0	0.0	0.716145284816937	4.296871708901589	9.30988870262006	11.458324557070842	10.742179272253905	0.0	0.0	2.3616512761201482	2.3616512761201283	0.7161452848169176	0.7161452848169461	0	58	58	7.615773105863909	166.14570607752702	41.536426519381756	27.27	4	"[""UserWarning: Recommended repeat factor is at least 2."",""UserWarning: Commensurate repeat pair in z multiplied by 5 to satisfy the minimum in-plane dimension cutoff of 22 A."",""UserWarning: Recommended repeat factor is at least 2."",""UserWarning: Commensurate repeat pair in z multiplied by 5 to satisfy the minimum in-plane dimension cutoff of 22 A.""]"				
zhang_013_ST_100	13	generated	ST	100	5400	1800	3600	0.840432	155.453	0		/home/frenjc/projects/GBOpt/results/phase_a_geometry_audit/zhang_013_ST_100/structure.data	/home/frenjc/projects/GBOpt/results/phase_a_geometry_audit/zhang_013_ST_100/metadata.json	8a40fd905f3fddbfe9cb0ba0edca084e17ee5f64ed6e3f7362b2098e8133faf5	suspicious	"[""central_interface_large_gap_range"",""central_interface_heavy_gap_tail"",""periodic_interface_large_gap_range""]"	6	6	3.658654424785155	4.878205899713549	8.536860324498704	8.536860324498704	4.878205899713549	0.0	0.0	6.097757374641939	8.536860324498694	9.451523930694993	10.975963274355468	4.878205899713529	0.0	0.0	2.361651276120154	2.3616512761201496	3.658654424785155	6.424386036813171	0	5	5	2.23606797749979	121.95514749283853	24.391029498567708	27.27	6	"[""UserWarning: Recommended repeat factor is at least 2."",""UserWarning: Commensurate repeat pair in y multiplied by 2 to satisfy the minimum in-plane dimension cutoff of 22 A."",""UserWarning: Commensurate repeat pair in z multiplied by 5 to satisfy the minimum in-plane dimension cutoff of 22 A."",""UserWarning: Recommended repeat factor is at least 2."",""UserWarning: Commensurate repeat pair in y multiplied by 2 to satisfy the minimum in-plane dimension cutoff of 22 A."",""UserWarning: Commensurate repeat pair in z multiplied by 5 to satisfy the minimum in-plane dimension cutoff of 22 A.""]"				
zhang_014_ST_100	14	generated	ST	100	7620	2540	5080	0.855824	150.0	0		/home/frenjc/projects/GBOpt/results/phase_a_geometry_audit/zhang_014_ST_100/structure.data	/home/frenjc/projects/GBOpt/results/phase_a_geometry_audit/zhang_014_ST_100/metadata.json	2273d82404a6b2457be1e483b5213d5292b8ff3714496e9c66c28209d82a09ab	suspicious	"[""central_interface_large_gap_range"",""central_interface_heavy_gap_tail"",""periodic_interface_large_gap_range"",""periodic_interface_heavy_gap_tail"",""periodic_interface_severe_overlap""]"	7	6	1.8707065667344835	4.676766416836223	7.482826266937948	8.418179550305197	6.547472983570714	0.0	0.0	0.935353283367246	4.676766416836229	8.4181795503052	8.4181795503052	7.482826266937955	0.0	0.0	2.361651276120149	2.361651276120147	1.8707065667344835	0.9353532833672489	0	34	34	5.830951894845301	127.20804653794508	31.80201163448627	27.27	4	"[""UserWarning: Recommended repeat factor is at least 2."",""UserWarning: Commensurate repeat pair in z multiplied by 5 to satisfy the minimum in-plane dimension cutoff of 22 A."",""UserWarning: Recommended repeat factor is at least 2."",""UserWarning: Commensurate repeat pair in z multiplied by 5 to satisfy the minimum in-plane dimension cutoff of 22 A.""]"				
zhang_015_ST_100	15	generated	ST	100	11880	3960	7920	0.900002	155.0	0		/home/frenjc/projects/GBOpt/results/phase_a_geometry_audit/zhang_015_ST_100/structure.data	/home/frenjc/projects/GBOpt/results/phase_a_geometry_audit/zhang_015_ST_100/metadata.json	f4574b188e3550b06424796f2450a0d5cef20ae87ad0e7c209d2167a0a7f7fca	suspicious	"[""central_interface_large_gap_range"",""central_interface_heavy_gap_tail"",""periodic_interface_large_gap_range"",""periodic_interface_heavy_gap_tail"",""central_interface_severe_overlap""]"	9	6	0.7563337175530904	3.7816685877654805	9.076004610637185	9.832338328190303	9.076004610637213	0.0	0.0	3.0253348702123795	4.159835446542051	8.319670893084067	9.076004610637199	6.050669740424819	0.0	0.0	2.361651276120146	2.361651276120144	0.7563337175530904	3.02533487021239	0	13	13	3.605551275463989	157.31741325104477	39.32935331276119	27.27	6	"[""UserWarning: Recommended repeat factor is at least 2."",""UserWarning: Commensurate repeat pair in y multiplied by 2 to satisfy the minimum in-plane dimension cutoff of 22 A."",""UserWarning: Commensurate repeat pair in z multiplied by 5 to satisfy the minimum in-plane dimension cutoff of 22 A."",""UserWarning: Recommended repeat factor is at least 2."",""UserWarning: Commensurate repeat pair in y multiplied by 2 to satisfy the minimum in-plane dimension cutoff of 22 A."",""UserWarning: Commensurate repeat pair in z multiplied by 5 to satisfy the minimum in-plane dimension cutoff of 22 A.""]"				
zhang_016_ST_100	16	generated	ST	100	8460	2820	5640	0.885177	150.0	0		/home/frenjc/projects/GBOpt/results/phase_a_geometry_audit/zhang_016_ST_100/structure.data	/home/frenjc/projects/GBOpt/results/phase_a_geometry_audit/zhang_016_ST_100/metadata.json	83e80d80cdbff8888dcb4962c37822fc4684a4a709dcd69dc5dcad51652b8660	suspicious	"[""central_interface_large_gap_range"",""periodic_interface_large_gap_range"",""periodic_interface_heavy_gap_tail""]"	6	6	1.6362000000000023	4.908600000000007	6.953850000000006	10.908000000000001	9.271799999999999	0.0	0.0	3.272400000000003	5.726700000000007	8.181000000000019	10.908000000000008	7.6356000000000055	0.0	0.0	2.361651276120141	2.361651276120129	1.6362000000000023	3.2724000000000046	0	25	25	5.0	163.62	27.27	27.27	4	"[""UserWarning: Recommended repeat factor is at least 2."",""UserWarning: Commensurate repeat pair in z multiplied by 5 to satisfy the minimum in-plane dimension cutoff of 22 A."",""UserWarning: Recommended repeat factor is at least 2."",""UserWarning: Commensurate repeat pair in z multiplied by 5 to satisfy the minimum in-plane dimension cutoff of 22 A.""]"				
zhang_017_ST_100	17	generated	ST	100	9300	3100	6200	0.935137	155.461	0		/home/frenjc/projects/GBOpt/results/phase_a_geometry_audit/zhang_017_ST_100/structure.data	/home/frenjc/projects/GBOpt/results/phase_a_geometry_audit/zhang_017_ST_100/metadata.json	d49dc7fb239e6d643c26f55d0bcf1901a919f7c6b95c9adf81edeeb7293f5c2c	suspicious	"[""central_interface_large_gap_range"",""periodic_interface_large_gap_range"",""periodic_interface_heavy_gap_tail"",""central_interface_severe_overlap""]"	8	6	0.4258858486702053	4.045915562367156	5.962401881383187	9.795374519415248	9.369488670745042	0.0	0.0	1.7035433946808967	5.110630184042728	9.795374519415255	9.795374519415255	8.091831124734359	0.0	0.0	2.3616512761201487	2.3616512761201323	0.4258858486702053	1.7035433946809064	0	41	41	6.4031242374328485	139.690558363835	34.92263959095875	27.27	4	"[""UserWarning: Recommended repeat factor is at least 2."",""UserWarning: Commensurate repeat pair in z multiplied by 5 to satisfy the minimum in-plane dimension cutoff of 22 A."",""UserWarning: Recommended repeat factor is at least 2."",""UserWarning: Commensurate repeat pair in z multiplied by 5 to satisfy the minimum in-plane dimension cutoff of 22 A.""]"				
zhang_018_AT_100	18	generated	AT	100	86280	28760	57520	1.68585	168.852	0		/home/frenjc/projects/GBOpt/results/phase_a_geometry_audit/zhang_018_AT_100/structure.data	/home/frenjc/projects/GBOpt/results/phase_a_geometry_audit/zhang_018_AT_100/metadata.json	1d38247d329f3f64c67e1039c2d9ce198baabcc4f97f1d7d80cafe250fead103	suspicious	"[""central_interface_large_gap_range"",""central_interface_heavy_gap_tail"",""periodic_interface_large_gap_range"",""periodic_interface_heavy_gap_tail""]"	58	6	0.7163533631961769	4.931562950587917	8.155625606172933	9.973988371024447	9.25763500782827	0.0	0.0	1.4327067263923539	5.455088294554538	8.871978969369152	11.021039058957701	9.588332332565347	0.0	0.0	2.361736388852292	2.3614456057889246	1.7089512932251276	2.425064614064335	0	17	50	7.0710678118654755	167.08088002030348	269.90412195341236	27.27	4	"[""UserWarning: Recommended repeat factor is at least 2."",""UserWarning: Commensurate repeat pair in z multiplied by 5 to satisfy the minimum in-plane dimension cutoff of 22 A."",""UserWarning: Recommended repeat factor is at least 2."",""UserWarning: Commensurate repeat pair in z multiplied by 5 to satisfy the minimum in-plane dimension cutoff of 22 A.""]"				
zhang_019_AT_100	19	generated	AT	100	52140	17380	34760	1.276782	160.0	0		/home/frenjc/projects/GBOpt/results/phase_a_geometry_audit/zhang_019_AT_100/structure.data	/home/frenjc/projects/GBOpt/results/phase_a_geometry_audit/zhang_019_AT_100/metadata.json	9c45aee268aa7fccfb204b3809cf360a402eb60d980baa1a0b976abe17347ca9	suspicious	"[""central_interface_large_gap_range"",""periodic_interface_large_gap_range"",""periodic_interface_heavy_gap_tail""]"	32	6	0.7595867808132084	2.785151529648516	4.810716278483795	5.823498652901435	5.063911872088227	0.0	0.0	1.363499999999986	3.389064748835269	6.288154295605762	7.440194246505831	6.076694246505845	0.0	0.0	2.361987997945901	2.3605704272662527	1.5671455885443686	1.947415114885194	0	29	1	5.385164807134504	180.83006657433475	147.05572214527893	27.27	4	"[""UserWarning: Recommended repeat factor is at least 2."",""UserWarning: Commensurate repeat pair in z multiplied by 5 to satisfy the minimum in-plane dimension cutoff of 22 A."",""UserWarning: Recommended repeat factor is at least 2."",""UserWarning: Commensurate repeat pair in z multiplied by 5 to satisfy the minimum in-plane dimension cutoff of 22 A.""]"				
zhang_020_AT_100	20	generated	AT	100	19380	6460	12920	0.991457	140.0	0		/home/frenjc/projects/GBOpt/results/phase_a_geometry_audit/zhang_020_AT_100/structure.data	/home/frenjc/projects/GBOpt/results/phase_a_geometry_audit/zhang_020_AT_100/metadata.json	88355cb4e2de85e4f7dad5d86c8b8c3d48e00325185925ff76c76f78450cdb7a	suspicious	"[""central_interface_large_gap_range"",""central_interface_heavy_gap_tail"",""periodic_interface_large_gap_range""]"	6	16	1.363500000000002	3.880730769230766	7.027269230769235	7.761461538461546	6.397961538461544	0.0	0.0	1.3635000000000161	4.300269230769231	6.607730769230756	7.341923076923065	5.978423076923049	0.0	0.0	2.361651276120147	2.361651276120135	2.3616512761201625	2.361651276120162	0	13	169	13.0	141.804	27.27	70.902	4	"[""UserWarning: Recommended repeat factor is at least 2."",""UserWarning: Commensurate repeat pair in y multiplied by 5 to satisfy the minimum in-plane dimension cutoff of 22 A."",""UserWarning: Recommended repeat factor is at least 2."",""UserWarning: Commensurate repeat pair in y multiplied by 5 to satisfy the minimum in-plane dimension cutoff of 22 A.""]"				
zhang_021_AT_100	21	generated	AT	100	176040	58680	117360	2.703292	207.035	0		/home/frenjc/projects/GBOpt/results/phase_a_geometry_audit/zhang_021_AT_100/structure.data	/home/frenjc/projects/GBOpt/results/phase_a_geometry_audit/zhang_021_AT_100/metadata.json	d14c3f4887112c00a7c7001d3f5fe7e531a0c422ff908702f05f4ccf6cb62842	suspicious	"[""central_interface_large_gap_range"",""central_interface_heavy_gap_tail"",""periodic_interface_large_gap_range"",""periodic_interface_heavy_gap_tail""]"	64	6	0.9353532833672631	4.020601591040418	7.117993785893157	9.30463887834594	8.369285594978678	0.0	0.0	1.542624153836572	4.627872461509696	7.737567746846122	9.993930352039712	8.45130619820314	0.0	0.0	2.3606705083884156	2.362027058041074	1.6868499929071208	2.340108457811444	0	34	50	7.0710678118654755	172.5372425952874	540.2763258145334	27.27	4	"[""UserWarning: Recommended repeat factor is at least 2."",""UserWarning: Commensurate repeat pair in z multiplied by 5 to satisfy the minimum in-plane dimension cutoff of 22 A."",""UserWarning: Recommended repeat factor is at least 2."",""UserWarning: Commensurate repeat pair in z multiplied by 5 to satisfy the minimum in-plane dimension cutoff of 22 A.""]"				
zhang_022_AT_100	22	generated	AT	100	19500	6500	13000	0.984385	145.516	0		/home/frenjc/projects/GBOpt/results/phase_a_geometry_audit/zhang_022_AT_100/structure.data	/home/frenjc/projects/GBOpt/results/phase_a_geometry_audit/zhang_022_AT_100/metadata.json	8ec4cb35e296e20db8671ec66525c4bfa6f86bf040a14114b2916673185ef6bc	suspicious	"[""central_interface_large_gap_range"",""central_interface_heavy_gap_tail"",""periodic_interface_large_gap_range"",""periodic_interface_heavy_gap_tail""]"	11	6	1.183138716942949	4.436770188536059	11.09192547134019	11.23981781095803	10.056679094015081	0.0	0.0	2.366277433885897	5.472016565861139	9.908786754397205	10.50035611286868	8.134078678982782	0.0	0.0	2.3616512761201465	2.3616512761201363	1.9841839484222357	1.718353705114967	0	85	85	9.219544457292887	201.13358188030162	50.283395470075405	27.27	4	"[""UserWarning: Recommended repeat factor is at least 2."",""UserWarning: Commensurate repeat pair in z multiplied by 5 to satisfy the minimum in-plane dimension cutoff of 22 A."",""UserWarning: Recommended repeat factor is at least 2."",""UserWarning: Commensurate repeat pair in z multiplied by 5 to satisfy the minimum in-plane dimension cutoff of 22 A.""]"				
zhang_023_AT_100	23	generated	AT	100	33420	11140	22280	1.130629	150.0	0		/home/frenjc/projects/GBOpt/results/phase_a_geometry_audit/zhang_023_AT_100/structure.data	/home/frenjc/projects/GBOpt/results/phase_a_geometry_audit/zhang_023_AT_100/metadata.json	e235e296b3a8747024a37af9ecfdf480fe4c361d9023753b7a675ee81ad0de7d	suspicious	"[""central_interface_large_gap_range"",""central_interface_heavy_gap_tail"",""periodic_interface_large_gap_range""]"	6	20	1.3634999999999877	3.9300882352941073	7.13832352941175	8.42161764705881	7.058117647058822	0.0	0.0	1.523911764705872	4.250911764705876	6.015441176470574	6.416470588235269	4.892558823529397	0.0	0.0	2.361651276120147	2.3616512761201305	2.168527377114255	2.1685273771142675	0	17	289	17.0	185.43599999999998	27.27	92.71799999999999	4	"[""UserWarning: Recommended repeat factor is at least 2."",""UserWarning: Commensurate repeat pair in y multiplied by 5 to satisfy the minimum in-plane dimension cutoff of 22 A."",""UserWarning: Recommended repeat factor is at least 2."",""UserWarning: Commensurate repeat pair in y multiplied by 5 to satisfy the minimum in-plane dimension cutoff of 22 A.""]"				
zhang_024_AT_100	24	generated	AT	100	8640	2880	5760	0.900417	155.0	0		/home/frenjc/projects/GBOpt/results/phase_a_geometry_audit/zhang_024_AT_100/structure.data	/home/frenjc/projects/GBOpt/results/phase_a_geometry_audit/zhang_024_AT_100/metadata.json	8f04e46736d14db303376c118a33632aa4aa2286b31d926331b53c335157f070	suspicious	"[""central_interface_large_gap_range"",""central_interface_heavy_gap_tail"",""periodic_interface_large_gap_range""]"	6	6	1.363500000000002	3.545100000000005	6.340274999999995	6.8174999999999955	5.4539999999999935	0.0	0.0	1.908900000000017	4.09050000000002	5.726699999999994	7.090199999999994	5.181299999999977	0.0	0.0	2.361651276120151	2.3616512761201305	2.3616512761201625	2.361651276120174	0	5	25	5.0	163.62	27.27	27.27	4	"[""UserWarning: Recommended repeat factor is at least 2."",""UserWarning: Commensurate repeat pair in y multiplied by 5 to satisfy the minimum in-plane dimension cutoff of 22 A."",""UserWarning: Recommended repeat factor is at least 2."",""UserWarning: Commensurate repeat pair in y multiplied by 5 to satisfy the minimum in-plane dimension cutoff of 22 A.""]"				
zhang_025_AT_100	25	generated	AT	100	14700	4900	9800	0.987808	155.0	0		/home/frenjc/projects/GBOpt/results/phase_a_geometry_audit/zhang_025_AT_100/structure.data	/home/frenjc/projects/GBOpt/results/phase_a_geometry_audit/zhang_025_AT_100/metadata.json	535486a7aa2fa66fa4a825e546ed1d5aad22ad91b07f5746be4031f3fe19bea2	suspicious	"[""central_interface_large_gap_range"",""central_interface_heavy_gap_tail"",""periodic_interface_large_gap_range"",""periodic_interface_heavy_gap_tail""]"	10	6	2.1985776879609915	5.242762178983938	9.301674833681204	9.809038915518357	7.610461227557366	0.0	0.0	2.5368204091857685	5.5810049002087085	8.625189391231672	9.978160276130737	7.441339866944968	0.0	0.0	2.3616512761201456	2.361651276120135	3.395087620371509	2.9243817038820157	0	65	65	8.06225774829855	175.88621503688114	43.971553759220285	27.27	4	"[""UserWarning: Recommended repeat factor is at least 2."",""UserWarning: Commensurate repeat pair in z multiplied by 5 to satisfy the minimum in-plane dimension cutoff of 22 A."",""UserWarning: Recommended repeat factor is at least 2."",""UserWarning: Commensurate repeat pair in z multiplied by 5 to satisfy the minimum in-plane dimension cutoff of 22 A.""]"				
zhang_026_AT_100	26	generated	AT	100	13800	4600	9200	0.937163	155.0	0		/home/frenjc/projects/GBOpt/results/phase_a_geometry_audit/zhang_026_AT_100/structure.data	/home/frenjc/projects/GBOpt/results/phase_a_geometry_audit/zhang_026_AT_100/metadata.json	98822aca4f50bc168610e9a8b862b0f7c5088085106fc782aa864ebaf165bd77	suspicious	"[""central_interface_large_gap_range"",""periodic_interface_large_gap_range""]"	13	6	1.3415066224212353	5.000161047206383	7.195353702077476	8.414905177005863	7.073398554584628	0.0	0.0	2.317147802363941	6.097757374641924	8.20758142626804	10.122277241905596	7.8051294395416555	0.0	0.0	2.361651276120145	2.361651276120142	2.3616512761201696	3.3950876203715348	0	25	125	11.180339887498949	121.95514749283853	60.97757374641927	27.27	4	"[""UserWarning: Recommended repeat factor is at least 2."",""UserWarning: Commensurate repeat pair in z multiplied by 5 to satisfy the minimum in-plane dimension cutoff of 22 A."",""UserWarning: Recommended repeat factor is at least 2."",""UserWarning: Commensurate repeat pair in z multiplied by 5 to satisfy the minimum in-plane dimension cutoff of 22 A.""]"				
zhang_027_AT_100	27	generated	AT	100	19140	6380	12760	1.029629	151.617	0		/home/frenjc/projects/GBOpt/results/phase_a_geometry_audit/zhang_027_AT_100/structure.data	/home/frenjc/projects/GBOpt/results/phase_a_geometry_audit/zhang_027_AT_100/metadata.json	ff7b994f5437b11d914af0354015f0f56c414f3cb91b714b42e49e778ef76a5c	suspicious	"[""central_interface_large_gap_range"",""central_interface_heavy_gap_tail"",""periodic_interface_large_gap_range"",""periodic_interface_heavy_gap_tail""]"	16	6	0.6274540573760277	5.228783811466954	8.57520545080581	9.83011356555788	9.202659508181853	0.0	0.0	2.0915135245867758	5.228783811466963	8.575205450805802	9.83011356555787	7.738600040971094	0.0	0.0	2.3616512761201456	2.361651276120134	1.2195514749283807	2.361651276120157	0	170	170	13.038404810405298	142.222919671901	71.1114598359505	27.27	4	"[""UserWarning: Recommended repeat factor is at least 2."",""UserWarning: Commensurate repeat pair in z multiplied by 5 to satisfy the minimum in-plane dimension cutoff of 22 A."",""UserWarning: Recommended repeat factor is at least 2."",""UserWarning: Commensurate repeat pair in z multiplied by 5 to satisfy the minimum in-plane dimension cutoff of 22 A.""]"				
zhang_028_AT_100	28	generated	AT	100	20940	6980	13960	1.025241	145.0	0		/home/frenjc/projects/GBOpt/results/phase_a_geometry_audit/zhang_028_AT_100/structure.data	/home/frenjc/projects/GBOpt/results/phase_a_geometry_audit/zhang_028_AT_100/metadata.json	324452860623afaf4fd510323cc0319424aa1b0ea3547a28790bae07008fac40	suspicious	"[""central_interface_large_gap_range"",""central_interface_heavy_gap_tail"",""periodic_interface_large_gap_range"",""periodic_interface_heavy_gap_tail""]"	16	6	1.2029581646699086	4.310600090067098	8.5209536664117	8.821693207579173	7.618735042909265	0.0	0.0	2.0049302744498267	4.91207917240203	8.52095366641171	9.322925776191635	7.317995501741809	0.0	0.0	2.3616512761201363	2.3616512761201367	1.219551474928406	2.4391029498567556	0	185	185	13.601470508735444	148.36484030928622	74.18242015464311	27.27	4	"[""UserWarning: Recommended repeat factor is at least 2."",""UserWarning: Commensurate repeat pair in z multiplied by 5 to satisfy the minimum in-plane dimension cutoff of 22 A."",""UserWarning: Recommended repeat factor is at least 2."",""UserWarning: Commensurate repeat pair in z multiplied by 5 to satisfy the minimum in-plane dimension cutoff of 22 A.""]"				
zhang_029_AT_100	29	generated	AT	100	11040	3680	7360	0.929685	155.895	0		/home/frenjc/projects/GBOpt/results/phase_a_geometry_audit/zhang_029_AT_100/structure.data	/home/frenjc/projects/GBOpt/results/phase_a_geometry_audit/zhang_029_AT_100/metadata.json	be940667338338c914c4df00d3926cae7ed78490443aad4c90fd9de5cc6e0586	suspicious	"[""central_interface_large_gap_range"",""central_interface_heavy_gap_tail"",""periodic_interface_large_gap_range""]"	9	6	3.4709043461322864	5.399184538428003	9.255744923019435	9.255744923019435	5.784840576887149	0.0	0.0	5.784840576887149	8.48443284610115	10.547692651857563	12.34099323069258	6.556152653805432	0.0	0.0	2.361651276120149	2.361651276120139	3.3950876203715317	6.218516768490692	0	50	10	7.0710678118654755	154.2624153836572	38.5656038459143	27.27	4	"[""UserWarning: Recommended repeat factor is at least 2."",""UserWarning: Commensurate repeat pair in z multiplied by 5 to satisfy the minimum in-plane dimension cutoff of 22 A."",""UserWarning: Recommended repeat factor is at least 2."",""UserWarning: Commensurate repeat pair in z multiplied by 5 to satisfy the minimum in-plane dimension cutoff of 22 A.""]"				
zhang_030_AT_100	30	generated	AT	100	19500	6500	13000	1.047817	145.0	0		/home/frenjc/projects/GBOpt/results/phase_a_geometry_audit/zhang_030_AT_100/structure.data	/home/frenjc/projects/GBOpt/results/phase_a_geometry_audit/zhang_030_AT_100/metadata.json	3122e467dbe481ca190c69342193a4c6210bf4cfa0e11f14d285df67eeed2ba8	suspicious	"[""central_interface_large_gap_range"",""central_interface_heavy_gap_tail"",""periodic_interface_large_gap_range"",""periodic_interface_heavy_gap_tail""]"	11	6	1.0352463773250662	5.176231886625402	7.986186339364906	8.577755697836366	7.5425093205113	0.0	0.0	2.070492754650161	5.102285716816472	8.429863358218547	9.613002075161472	7.542509320511311	0.0	0.0	2.361651276120143	2.361651276120135	1.2195514749283827	2.3616512761201593	0	85	85	9.219544457292887	201.13358188030162	50.283395470075405	27.27	4	"[""UserWarning: Recommended repeat factor is at least 2."",""UserWarning: Commensurate repeat pair in z multiplied by 5 to satisfy the minimum in-plane dimension cutoff of 22 A."",""UserWarning: Recommended repeat factor is at least 2."",""UserWarning: Commensurate repeat pair in z multiplied by 5 to satisfy the minimum in-plane dimension cutoff of 22 A.""]"				
zhang_031_AT_100	31	generated	AT	100	24840	8280	16560	1.031463	145.0	0		/home/frenjc/projects/GBOpt/results/phase_a_geometry_audit/zhang_031_AT_100/structure.data	/home/frenjc/projects/GBOpt/results/phase_a_geometry_audit/zhang_031_AT_100/metadata.json	f381c7b3ae1c57183a4f80843b9d55469d02a2f8c341cedcc8320ebf3292a0cb	suspicious	"[""central_interface_large_gap_range"",""central_interface_heavy_gap_tail"",""periodic_interface_large_gap_range"",""periodic_interface_heavy_gap_tail""]"	18	6	1.7426597737665475	5.04454145037684	8.552790731775287	9.630488223446704	7.887828449680157	0.0	0.0	2.10953551561214	5.411417192222446	9.080174610678322	10.914553319906256	8.805017804294117	0.0	0.0	2.36165127612014	2.361651276120144	2.70687426368713	2.706874263687138	0	221	221	14.866068747318506	162.15907789575024	81.07953894787512	27.27	4	"[""UserWarning: Recommended repeat factor is at least 2."",""UserWarning: Commensurate repeat pair in z multiplied by 5 to satisfy the minimum in-plane dimension cutoff of 22 A."",""UserWarning: Recommended repeat factor is at least 2."",""UserWarning: Commensurate repeat pair in z multiplied by 5 to satisfy the minimum in-plane dimension cutoff of 22 A.""]"				
zhang_032_TW_100	32	generated	TW	100	259488	86496	172992	2.97048	217.719	0		/home/frenjc/projects/GBOpt/results/phase_a_geometry_audit/zhang_032_TW_100/structure.data	/home/frenjc/projects/GBOpt/results/phase_a_geometry_audit/zhang_032_TW_100/metadata.json	220d2ffe07506abd9b568ea6d3b92b2d82fe2ad1194fed1528009de1d91d0525	ok	[]	35	35	1.3634999999999877	1.3634999999999877	1.3634999999999877	2.7269999999999897	1.363500000000002	0.0	0.0	1.3634999999999877	1.3634999999999877	1.3634999999999877	2.726999999999988	1.3635000000000002	0.0	0.0	2.361651276120109	2.361651276120099	1.3650124796663214	1.3650124796663228	0	901	901	30.01666203960727	130.896	163.71087476401803	163.71087476401803	2	"[""UserWarning: Recommended repeat factor is at least 2."",""UserWarning: Recommended repeat factor is at least 2.""]"				
zhang_033_TW_100	33	generated	TW	100	115488	38496	76992	1.788214	178.449	0		/home/frenjc/projects/GBOpt/results/phase_a_geometry_audit/zhang_033_TW_100/structure.data	/home/frenjc/projects/GBOpt/results/phase_a_geometry_audit/zhang_033_TW_100/metadata.json	f443bf5bc5e8050464159cf2727a6299473f7b42600dfcf13ed5908a46b52443	ok	[]	24	24	1.3634999999999877	1.3634999999999877	2.7269999999999897	2.7269999999999897	1.363500000000002	0.0	0.0	1.3634999999999877	1.3634999999999877	2.726999999999988	2.726999999999988	1.3635000000000002	0.0	0.0	2.3616512761201327	2.361651276120121	1.366896020204112	1.3668960202041123	0	401	401	20.024984394500787	130.896	109.2162648876073	109.2162648876073	2	"[""UserWarning: Recommended repeat factor is at least 2."",""UserWarning: Recommended repeat factor is at least 2.""]"				
zhang_034_TW_100	34	generated	TW	100	41760	13920	27840	1.173111	160.0	0		/home/frenjc/projects/GBOpt/results/phase_a_geometry_audit/zhang_034_TW_100/structure.data	/home/frenjc/projects/GBOpt/results/phase_a_geometry_audit/zhang_034_TW_100/metadata.json	a1b95e332ab9e225e9a36dc4522a95d05cd3a7b411e0d8baf7be9b4267a55698	ok	[]	14	14	1.3634999999999877	1.3634999999999877	1.3634999999999877	2.7269999999999897	1.363500000000002	0.0	0.0	1.3634999999999877	1.3634999999999877	1.3634999999999877	2.726999999999988	1.3635000000000002	0.0	0.0	2.3616512761201434	2.361651276120139	1.3728712443081623	1.3728712443081623	0	145	145	12.041594578792296	130.896	65.67485683273318	65.67485683273318	2	"[""UserWarning: Recommended repeat factor is at least 2."",""UserWarning: Recommended repeat factor is at least 2.""]"				
zhang_035_TW_100	35	generated	TW	100	23616	7872	15744	1.050075	145.0	0		/home/frenjc/projects/GBOpt/results/phase_a_geometry_audit/zhang_035_TW_100/structure.data	/home/frenjc/projects/GBOpt/results/phase_a_geometry_audit/zhang_035_TW_100/metadata.json	ec1a78619755d3d59396eb4f14a4fc7492376dae5b010fe755ab6b906c6c11de	ok	[]	11	11	1.3634999999999877	1.3634999999999877	1.3634999999999877	2.7269999999999897	1.363500000000002	0.0	0.0	1.3634999999999877	1.3634999999999877	1.3634999999999877	2.726999999999988	1.3635000000000002	0.0	0.0	2.3616512761201505	2.3616512761201456	1.3963601355125914	1.3963601355125914	0	82	82	9.055385138137417	130.896	49.38807054340147	49.38807054340147	2	"[""UserWarning: Recommended repeat factor is at least 2."",""UserWarning: Recommended repeat factor is at least 2.""]"				
zhang_036_TW_100	36	generated	TW	100	18720	6240	12480	0.939146	150.0	0		/home/frenjc/projects/GBOpt/results/phase_a_geometry_audit/zhang_036_TW_100/structure.data	/home/frenjc/projects/GBOpt/results/phase_a_geometry_audit/zhang_036_TW_100/metadata.json	7cecf85e6763b6c6e73b6003a14d0fb3896a0f846bd079e5ef66895f62b96594	ok	[]	10	10	1.3634999999999877	1.3634999999999877	1.3634999999999877	1.3634999999999877	0.0	0.0	0.0	1.3634999999999877	1.3634999999999877	1.3634999999999877	1.3634999999999877	0.0	0.0	0.0	2.3616512761201496	2.3616512761201465	1.3843179978714173	1.3843179978714188	0	65	65	8.06225774829855	130.896	43.971553759220285	43.971553759220285	2	"[""UserWarning: Recommended repeat factor is at least 2."",""UserWarning: Recommended repeat factor is at least 2.""]"				
zhang_037_TW_100	37	generated	TW	100	14400	4800	9600	1.020378	140.0	0		/home/frenjc/projects/GBOpt/results/phase_a_geometry_audit/zhang_037_TW_100/structure.data	/home/frenjc/projects/GBOpt/results/phase_a_geometry_audit/zhang_037_TW_100/metadata.json	fb1bfbe04681d6c2904bfb9d58ae545cc21eea99c4220ee858bf1c1fd0875ee7	ok	[]	9	9	1.3634999999999877	1.3634999999999877	2.7269999999999897	2.7269999999999897	1.363500000000002	0.0	0.0	1.3634999999999877	1.3634999999999877	2.726999999999988	2.726999999999988	1.3635000000000002	0.0	0.0	2.3616512761201482	2.3616512761201442	1.4169907656720837	1.4169907656720837	0	50	50	7.0710678118654755	130.896	38.5656038459143	38.5656038459143	2	"[""UserWarning: Recommended repeat factor is at least 2."",""UserWarning: Recommended repeat factor is at least 2.""]"				
zhang_038_TW_100	38	generated	TW	100	10656	3552	7104	0.841427	150.0	0		/home/frenjc/projects/GBOpt/results/phase_a_geometry_audit/zhang_038_TW_100/structure.data	/home/frenjc/projects/GBOpt/results/phase_a_geometry_audit/zhang_038_TW_100/metadata.json	66e961a5b435e96c60e4afa0c5a4f44582a8757f8dc75bd8d7b619c4ba51a4a6	ok	[]	8	8	1.3634999999999877	1.3634999999999877	2.7269999999999897	2.7269999999999897	1.363500000000002	0.0	0.0	1.3634999999999877	1.3634999999999877	2.726999999999988	2.726999999999988	1.3635000000000002	0.0	0.0	2.361651276120152	2.3616512761201487	1.3998663811718244	1.3998663811718244	0	37	37	6.082762530298219	130.896	33.17538684024649	33.17538684024649	2	"[""UserWarning: Recommended repeat factor is at least 2."",""UserWarning: Recommended repeat factor is at least 2.""]"				
zhang_039_TW_100	39	generated	TW	100	7488	2496	4992	0.911593	150.0	0		/home/frenjc/projects/GBOpt/results/phase_a_geometry_audit/zhang_039_TW_100/structure.data	/home/frenjc/projects/GBOpt/results/phase_a_geometry_audit/zhang_039_TW_100/metadata.json	58623782b2d4587889054cc7df360b8420812772fa94eea27fe68edaf08014b2	ok	[]	6	6	1.3634999999999877	1.3634999999999877	2.7269999999999897	2.7269999999999897	1.363500000000002	0.0	0.0	1.3634999999999877	1.3634999999999877	2.726999999999988	2.726999999999988	1.3635000000000002	0.0	0.0	2.361651276120153	2.361651276120149	1.4646339461291378	1.4646339461291378	0	26	26	5.0990195135927845	130.896	27.810052427135044	27.810052427135044	2	"[""UserWarning: Recommended repeat factor is at least 2."",""UserWarning: Recommended repeat factor is at least 2.""]"				
zhang_040_TW_100	40	generated	TW	100	24480	8160	16320	0.957342	140.0	0		/home/frenjc/projects/GBOpt/results/phase_a_geometry_audit/zhang_040_TW_100/structure.data	/home/frenjc/projects/GBOpt/results/phase_a_geometry_audit/zhang_040_TW_100/metadata.json	605a7f602f5ff00077e841a3c5fe887bd5cefe2e7964750e471cbfd3d078305a	ok	[]	11	11	1.3634999999999877	1.3634999999999877	1.3634999999999877	2.7269999999999897	1.363500000000002	0.0	0.0	1.3634999999999877	1.3634999999999877	1.3634999999999877	2.726999999999988	1.3635000000000002	0.0	0.0	2.361651276120146	2.361651276120145	1.3794479106639943	1.379447910663994	0	85	85	9.219544457292887	130.896	50.283395470075405	50.283395470075405	2	"[""UserWarning: Recommended repeat factor is at least 2."",""UserWarning: Recommended repeat factor is at least 2.""]"				
zhang_041_TW_100	41	generated	TW	100	4896	1632	3264	0.872076	136.688	0		/home/frenjc/projects/GBOpt/results/phase_a_geometry_audit/zhang_041_TW_100/structure.data	/home/frenjc/projects/GBOpt/results/phase_a_geometry_audit/zhang_041_TW_100/metadata.json	8e1d5b7556401234d8ebc8f9ec479bc33596c7844f29f235adc113a69f3bf327	ok	[]	5	5	1.3634999999999877	1.3634999999999877	1.3634999999999877	1.3634999999999877	0.0	0.0	0.0	1.3634999999999877	1.3634999999999877	1.3634999999999877	1.3634999999999877	0.0	0.0	0.0	2.3616512761201554	2.3616512761201514	1.4414762194279982	1.4414762194279982	0	17	17	4.123105625617661	130.896	22.48741808211872	22.48741808211872	2	"[""UserWarning: Recommended repeat factor is at least 2."",""UserWarning: Recommended repeat factor is at least 2.""]"				
zhang_042_TW_100	42	generated	TW	100	15264	5088	10176	0.958548	145.0	0		/home/frenjc/projects/GBOpt/results/phase_a_geometry_audit/zhang_042_TW_100/structure.data	/home/frenjc/projects/GBOpt/results/phase_a_geometry_audit/zhang_042_TW_100/metadata.json	bec6ce0d05fe5b22c11df3c03e73e871ead94e4ed49cb4bbc9495d2a116e1f76	ok	[]	9	9	1.3634999999999877	1.3634999999999877	1.3634999999999877	2.7269999999999897	1.363500000000002	0.0	0.0	1.3634999999999877	1.3634999999999877	1.3634999999999877	2.726999999999988	1.3635000000000002	0.0	0.0	2.361651276120153	2.361651276120147	1.3889881871211975	1.3889881871211964	0	53	53	7.280109889280518	130.896	39.70571933613594	39.70571933613594	2	"[""UserWarning: Recommended repeat factor is at least 2."",""UserWarning: Recommended repeat factor is at least 2.""]"				
zhang_043_TW_100	43	generated	TW	100	11520	3840	7680	0.910517	151.758	0		/home/frenjc/projects/GBOpt/results/phase_a_geometry_audit/zhang_043_TW_100/structure.data	/home/frenjc/projects/GBOpt/results/phase_a_geometry_audit/zhang_043_TW_100/metadata.json	dec47ac34072f1a165e4b249b5a3b58e8f2202ca985212d8046658240361fd43	ok	[]	8	8	1.3634999999999877	1.3634999999999877	1.3634999999999877	1.3634999999999877	0.0	0.0	0.0	1.3634999999999877	1.3634999999999877	1.3634999999999877	1.3634999999999877	0.0	0.0	0.0	2.3616512761201496	2.361651276120149	1.6133149568512493	1.6133149568512506	0	10	10	3.1622776601683795	130.896	34.494124717116684	34.494124717116684	6	"[""UserWarning: Recommended repeat factor is at least 2."",""UserWarning: Commensurate repeat pair in y multiplied by 2 to satisfy the minimum in-plane dimension cutoff of 22 A."",""UserWarning: Commensurate repeat pair in z multiplied by 2 to satisfy the minimum in-plane dimension cutoff of 22 A."",""UserWarning: Recommended repeat factor is at least 2."",""UserWarning: Commensurate repeat pair in y multiplied by 2 to satisfy the minimum in-plane dimension cutoff of 22 A."",""UserWarning: Commensurate repeat pair in z multiplied by 2 to satisfy the minimum in-plane dimension cutoff of 22 A.""]"				
zhang_044_TW_100	44	generated	TW	100	21024	7008	14016	0.996625	155.0	0		/home/frenjc/projects/GBOpt/results/phase_a_geometry_audit/zhang_044_TW_100/structure.data	/home/frenjc/projects/GBOpt/results/phase_a_geometry_audit/zhang_044_TW_100/metadata.json	9f700139eeeeaa0fd607ba0fa608b3231e66c089284983033cfedcc32204d5fc	ok	[]	10	10	1.3634999999999877	1.3634999999999877	1.3634999999999877	1.3634999999999877	0.0	0.0	0.0	1.3634999999999877	1.3634999999999877	1.3634999999999877	1.3634999999999877	0.0	0.0	0.0	2.3616512761201505	2.3616512761201434	1.3820518731715352	1.3820518731715357	0	73	73	8.54400374531753	130.896	46.59899642696181	46.59899642696181	2	"[""UserWarning: Recommended repeat factor is at least 2."",""UserWarning: Recommended repeat factor is at least 2.""]"				
zhang_045_TW_100	45	generated	TW	100	8352	2784	5568	0.823759	155.367	0		/home/frenjc/projects/GBOpt/results/phase_a_geometry_audit/zhang_045_TW_100/structure.data	/home/frenjc/projects/GBOpt/results/phase_a_geometry_audit/zhang_045_TW_100/metadata.json	3f3f423e98ab0466e07ea92837f498c9cb0f1eb034012be9ca3658cd2902f2dd	ok	[]	7	7	1.3634999999999877	1.3634999999999877	2.7269999999999897	2.7269999999999897	1.363500000000002	0.0	0.0	1.3634999999999877	1.3634999999999877	2.726999999999988	2.726999999999988	1.3635000000000002	0.0	0.0	2.3616512761201554	2.3616512761201505	1.4097334028962143	1.4097334028962138	0	29	29	5.385164807134504	130.896	29.37068885811158	29.37068885811158	2	"[""UserWarning: Recommended repeat factor is at least 2."",""UserWarning: Recommended repeat factor is at least 2.""]"				
zhang_046_MX_100	46	generated	MX	100	18468	6156	12312	0.969831	145.0	0		/home/frenjc/projects/GBOpt/results/phase_a_geometry_audit/zhang_046_MX_100/structure.data	/home/frenjc/projects/GBOpt/results/phase_a_geometry_audit/zhang_046_MX_100/metadata.json	b18a22532f5e26c5f13e8fcd7726fa76d5995f56ef65521d3dcdf485dd93b18f	suspicious	"[""central_interface_large_gap_range"",""central_interface_heavy_gap_tail"",""periodic_interface_large_gap_range"",""periodic_interface_heavy_gap_tail""]"	9	8	0.8297996746203182	4.314958308025702	7.634157006506996	8.79587655097545	7.966076876355132	0.0	0.0	1.327679479392523	4.231978340563673	7.526283048806354	8.629916616051382	7.302237136658859	0.0	0.0	2.3616512761201296	2.3616512761201216	1.6133149568512672	1.6133149568512688	0	810	810	16.431676725154983	179.23672971799056	40.07855117141836	36.586544247851556	2	"[""UserWarning: Recommended repeat factor is at least 2."",""UserWarning: Recommended repeat factor is at least 2.""]"				
zhang_047_MX_100	47	generated	MX	100	11448	3816	7632	0.927512	156.961	0		/home/frenjc/projects/GBOpt/results/phase_a_geometry_audit/zhang_047_MX_100/structure.data	/home/frenjc/projects/GBOpt/results/phase_a_geometry_audit/zhang_047_MX_100/metadata.json	252c9c4eb904f376b671ca0bc6efacb3aca3d29fd0ec23d6df781d13dc4b0185	suspicious	"[""central_interface_large_gap_range"",""central_interface_heavy_gap_tail"",""periodic_interface_large_gap_range"",""periodic_interface_heavy_gap_tail""]"	9	7	2.091513524586773	4.3921784016322505	7.7386000409711055	7.947751393429783	5.85623786884301	0.0	0.0	1.4640594672107736	4.601329754090894	7.111145983595082	8.784356803264483	7.320297336053709	0.0	0.0	2.3616512761201465	2.361651276120128	2.9872788286331793	2.9872788286331806	0	510	510	13.038404810405298	142.222919671901	38.9493506492727	29.872788286331758	2	"[""UserWarning: Recommended repeat factor is at least 2."",""UserWarning: Recommended repeat factor is at least 2.""]"				
zhang_048_MX_100	48	generated	MX	100	9696	3232	6464	0.926813	156.535	0		/home/frenjc/projects/GBOpt/results/phase_a_geometry_audit/zhang_048_MX_100/structure.data	/home/frenjc/projects/GBOpt/results/phase_a_geometry_audit/zhang_048_MX_100/metadata.json	070fd2a7e53cbf441636da5900b4cf3d08ffc41b108c1670b5645c67362886b3	suspicious	"[""central_interface_large_gap_range"",""periodic_interface_large_gap_range""]"	6	6	0.9314478246257352	6.520134772380089	7.318518622059287	7.983838496791947	7.0523906721662115	0.0	0.0	0.9314478246257099	6.520134772380085	6.786262722273179	7.318518622059292	6.387070797433582	0.0	0.0	2.3616512761201447	2.3616512761201287	1.6133149568512661	1.6133149568512386	0	105	105	10.246950765959598	223.5474779101746	24.99336784028915	24.391029498567708	4	"[""UserWarning: Recommended repeat factor is at least 2."",""UserWarning: Commensurate repeat pair in z multiplied by 2 to satisfy the minimum in-plane dimension cutoff of 22 A."",""UserWarning: Recommended repeat factor is at least 2."",""UserWarning: Commensurate repeat pair in z multiplied by 2 to satisfy the minimum in-plane dimension cutoff of 22 A.""]"				
zhang_049_MX_100	49	generated	MX	100	8112	2704	5408	0.916617	135.0	0		/home/frenjc/projects/GBOpt/results/phase_a_geometry_audit/zhang_049_MX_100/structure.data	/home/frenjc/projects/GBOpt/results/phase_a_geometry_audit/zhang_049_MX_100/metadata.json	3b871ce0803005e0a183b91081191708b132d8eae0cda8f380dc1af78c7d7dd7	suspicious	"[""central_interface_large_gap_range"",""central_interface_heavy_gap_tail"",""periodic_interface_large_gap_range""]"	6	6	1.4936394143165757	4.729858145335861	7.468197071582935	7.468197071582935	5.9745576572663595	0.0	0.0	1.4936394143165899	6.223497559652442	7.966076876355138	7.966076876355139	6.472437462038549	0.0	0.0	2.3616512761201407	2.361651276120116	1.6133149568512528	2.3616512761201656	0	30	30	5.477225575051661	179.23672971799056	26.7190341142789	24.391029498567708	6	"[""UserWarning: Recommended repeat factor is at least 2."",""UserWarning: Commensurate repeat pair in y multiplied by 2 to satisfy the minimum in-plane dimension cutoff of 22 A."",""UserWarning: Commensurate repeat pair in z multiplied by 2 to satisfy the minimum in-plane dimension cutoff of 22 A."",""UserWarning: Recommended repeat factor is at least 2."",""UserWarning: Commensurate repeat pair in y multiplied by 2 to satisfy the minimum in-plane dimension cutoff of 22 A."",""UserWarning: Commensurate repeat pair in z multiplied by 2 to satisfy the minimum in-plane dimension cutoff of 22 A.""]"				
zhang_050_MX_100	50	generated	MX	100	6480	2160	4320	0.893191	145.0	0		/home/frenjc/projects/GBOpt/results/phase_a_geometry_audit/zhang_050_MX_100/structure.data	/home/frenjc/projects/GBOpt/results/phase_a_geometry_audit/zhang_050_MX_100/metadata.json	d575373d8a96ede47b18fe529a2da714ccd85232a9c3b6f6ff02a22a8fbe9848	suspicious	"[""central_interface_large_gap_range"",""periodic_interface_large_gap_range""]"	7	6	2.2265861761898833	6.679758528569717	8.906344704759618	10.019637792854574	7.793051616664691	0.0	0.0	2.226586176189897	6.679758528569709	8.906344704759622	10.019637792854576	7.793051616664679	0.0	0.0	2.3616512761201505	2.3616512761201482	2.3616512761201527	2.3616512761201522	0	30	30	5.477225575051661	133.5951705713945	29.872788286331758	24.391029498567708	4	"[""UserWarning: Recommended repeat factor is at least 2."",""UserWarning: Commensurate repeat pair in z multiplied by 2 to satisfy the minimum in-plane dimension cutoff of 22 A."",""UserWarning: Recommended repeat factor is at least 2."",""UserWarning: Commensurate repeat pair in z multiplied by 2 to satisfy the minimum in-plane dimension cutoff of 22 A.""]"				
zhang_051_MX_100	51	generated	MX	100	12624	4208	8416	0.962192	155.0	0		/home/frenjc/projects/GBOpt/results/phase_a_geometry_audit/zhang_051_MX_100/structure.data	/home/frenjc/projects/GBOpt/results/phase_a_geometry_audit/zhang_051_MX_100/metadata.json	50085b2967453b30982c1b6f932cd31fd459db252d083a359d0c0ce9000a8f48	suspicious	"[""central_interface_large_gap_range"",""central_interface_heavy_gap_tail"",""periodic_interface_large_gap_range""]"	9	6	0.6518776835309694	4.56314378471685	7.186951460929041	9.126287569433686	8.474409885902716	0.0	0.0	1.3037553670619388	6.518776835309778	8.800348727668206	9.126287569433693	7.822532202371754	0.0	0.0	2.3616512761201394	2.3616512761201247	1.613314956851255	2.3616512761201536	0	70	70	8.366600265340756	182.5257513886739	40.81399877493015	24.391029498567708	6	"[""UserWarning: Recommended repeat factor is at least 2."",""UserWarning: Commensurate repeat pair in y multiplied by 2 to satisfy the minimum in-plane dimension cutoff of 22 A."",""UserWarning: Commensurate repeat pair in z multiplied by 2 to satisfy the minimum in-plane dimension cutoff of 22 A."",""UserWarning: Recommended repeat factor is at least 2."",""UserWarning: Commensurate repeat pair in y multiplied by 2 to satisfy the minimum in-plane dimension cutoff of 22 A."",""UserWarning: Commensurate repeat pair in z multiplied by 2 to satisfy the minimum in-plane dimension cutoff of 22 A.""]"				
zhang_052_MX_100	52	generated	MX	100	9240	3080	6160	0.923785	151.652	0		/home/frenjc/projects/GBOpt/results/phase_a_geometry_audit/zhang_052_MX_100/structure.data	/home/frenjc/projects/GBOpt/results/phase_a_geometry_audit/zhang_052_MX_100/metadata.json	c22c780189e96a230c0e172d0a58242e80c854108eafcb11c2b4610cdcde175e	suspicious	"[""central_interface_large_gap_range"",""central_interface_heavy_gap_tail"",""periodic_interface_large_gap_range"",""periodic_interface_heavy_gap_tail""]"	10	6	0.7288214066951682	3.6441070334758976	6.55939266025662	6.559392660256627	5.830571253561459	0.0	0.0	0.7288214066951754	5.101749846866252	8.017035473646981	8.745856880342167	8.017035473646992	0.0	0.0	2.361651276120146	2.361651276120141	1.6133149568512517	1.6133149568512521	0	70	70	8.366600265340756	122.44199632479044	45.63143784716848	24.391029498567708	4	"[""UserWarning: Recommended repeat factor is at least 2."",""UserWarning: Commensurate repeat pair in z multiplied by 2 to satisfy the minimum in-plane dimension cutoff of 22 A."",""UserWarning: Recommended repeat factor is at least 2."",""UserWarning: Commensurate repeat pair in z multiplied by 2 to satisfy the minimum in-plane dimension cutoff of 22 A.""]"				
zhang_053_MX_100	53	generated	MX	100	24624	8208	16416	1.113426	161.832	0		/home/frenjc/projects/GBOpt/results/phase_a_geometry_audit/zhang_053_MX_100/structure.data	/home/frenjc/projects/GBOpt/results/phase_a_geometry_audit/zhang_053_MX_100/metadata.json	50b2caa2df5246a9fa6618c3c0e4f1a0e9019e0adc63a15d94ae29520b91f1c3	suspicious	"[""central_interface_large_gap_range"",""central_interface_heavy_gap_tail"",""periodic_interface_large_gap_range"",""periodic_interface_heavy_gap_tail""]"	11	7	1.1498041572372273	3.736863511020971	6.611373904114035	7.761178061351259	6.611373904114032	0.0	0.0	1.149804157237217	5.174118707567514	8.910982218588464	9.77333533651639	8.623531179279173	0.0	0.0	2.361651276120136	2.3616512761201323	2.3616512761201496	2.361651276120172	0	270	270	9.486832980505138	206.9647483027001	51.74118707567502	32.724	4	"[""UserWarning: Recommended repeat factor is at least 2."",""UserWarning: Commensurate repeat pair in z multiplied by 2 to satisfy the minimum in-plane dimension cutoff of 22 A."",""UserWarning: Recommended repeat factor is at least 2."",""UserWarning: Commensurate repeat pair in z multiplied by 2 to satisfy the minimum in-plane dimension cutoff of 22 A.""]"				
zhang_054_MX_100	54	generated	MX	100	7968	2656	5312	0.853865	145.0	0		/home/frenjc/projects/GBOpt/results/phase_a_geometry_audit/zhang_054_MX_100/structure.data	/home/frenjc/projects/GBOpt/results/phase_a_geometry_audit/zhang_054_MX_100/metadata.json	3fe88bf9a6ad0d875b4b6539c22a36af0efa59ffe0f578e0a82bbf47f94cc699	suspicious	"[""central_interface_large_gap_range"",""central_interface_heavy_gap_tail"",""periodic_interface_large_gap_range""]"	7	6	1.219551474928366	3.658654424785155	7.520567428725044	8.33360174534397	7.1140502704156034	0.0	0.0	1.4228100540831001	6.402645243374035	8.30311295847074	8.333601745343962	6.9107916912608625	0.0	0.0	2.361651276120138	2.3616512761201345	1.613314956851255	2.361651276120153	0	45	45	6.708203932499369	146.34617699140622	32.724	24.391029498567708	6	"[""UserWarning: Recommended repeat factor is at least 2."",""UserWarning: Commensurate repeat pair in y multiplied by 2 to satisfy the minimum in-plane dimension cutoff of 22 A."",""UserWarning: Commensurate repeat pair in z multiplied by 2 to satisfy the minimum in-plane dimension cutoff of 22 A."",""UserWarning: Recommended repeat factor is at least 2."",""UserWarning: Commensurate repeat pair in y multiplied by 2 to satisfy the minimum in-plane dimension cutoff of 22 A."",""UserWarning: Commensurate repeat pair in z multiplied by 2 to satisfy the minimum in-plane dimension cutoff of 22 A.""]"				
zhang_055_MX_100	55	generated	MX	100	12384	4128	8256	0.952309	145.0	0		/home/frenjc/projects/GBOpt/results/phase_a_geometry_audit/zhang_055_MX_100/structure.data	/home/frenjc/projects/GBOpt/results/phase_a_geometry_audit/zhang_055_MX_100/metadata.json	808e4e22311e11db61754f51b09963ec8bcffa321817341330774288a9be8292	suspicious	"[""central_interface_large_gap_range"",""central_interface_heavy_gap_tail"",""periodic_interface_large_gap_range"",""periodic_interface_heavy_gap_tail""]"	9	8	1.152367826322319	4.8399448705537935	7.605627653727395	8.527521914785261	7.375154088462942	0.0	0.0	1.1523678263223331	5.300892001082736	7.709340758096406	7.836101218991859	6.6837333926695255	0.0	0.0	2.361651276120143	2.3616512761201434	2.361651276120157	2.3616512761201567	0	70	70	5.916079783099616	129.06519654810123	40.81399877493015	34.494124717116684	6	"[""UserWarning: Recommended repeat factor is at least 2."",""UserWarning: Commensurate repeat pair in y multiplied by 2 to satisfy the minimum in-plane dimension cutoff of 22 A."",""UserWarning: Commensurate repeat pair in z multiplied by 2 to satisfy the minimum in-plane dimension cutoff of 22 A."",""UserWarning: Recommended repeat factor is at least 2."",""UserWarning: Commensurate repeat pair in y multiplied by 2 to satisfy the minimum in-plane dimension cutoff of 22 A."",""UserWarning: Commensurate repeat pair in z multiplied by 2 to satisfy the minimum in-plane dimension cutoff of 22 A.""]"				
zhang_056_ST_110	56	generated	ST	110	9756	3252	6504	0.915502	155.0	0		/home/frenjc/projects/GBOpt/results/phase_a_geometry_audit/zhang_056_ST_110/structure.data	/home/frenjc/projects/GBOpt/results/phase_a_geometry_audit/zhang_056_ST_110/metadata.json	a716edfa6f42c4a4e67f5e4f019aedb3ce5f53d2a2095273867bcc887b4d583d	suspicious	"[""central_interface_large_gap_range"",""central_interface_heavy_gap_tail"",""periodic_interface_large_gap_range"",""periodic_interface_heavy_gap_tail""]"	10	5	2.031193132396794	4.965138768081054	8.350460655409037	9.478901284518365	7.447708152121571	0.0	0.0	2.031193132396811	4.965138768081067	8.350460655409044	8.350460655409046	6.319267523012235	0.0	0.0	2.361651276120145	2.3616512761201425	2.903405593035742	2.9034055930357625	0	146	146	12.083045973594572	131.8018654799696	46.59899642696181	23.13936230754858	4	"[""UserWarning: Recommended repeat factor is at least 2."",""UserWarning: Commensurate repeat pair in z multiplied by 3 to satisfy the minimum in-plane dimension cutoff of 22 A."",""UserWarning: Recommended repeat factor is at least 2."",""UserWarning: Commensurate repeat pair in z multiplied by 3 to satisfy the minimum in-plane dimension cutoff of 22 A.""]"				
zhang_057_ST_110	57	generated	ST	110	14076	4692	9384	0.980706	155.473	0		/home/frenjc/projects/GBOpt/results/phase_a_geometry_audit/zhang_057_ST_110/structure.data	/home/frenjc/projects/GBOpt/results/phase_a_geometry_audit/zhang_057_ST_110/metadata.json	71f814d8218fffe28ea739669950db53d1be912e4a5d29cf5d88cbf3c9120b5e	suspicious	"[""central_interface_large_gap_range"",""central_interface_heavy_gap_tail"",""periodic_interface_large_gap_range"",""periodic_interface_heavy_gap_tail""]"	9	5	2.160105879757893	4.590224994485553	7.830383814122428	8.910436754001381	6.750330874243488	0.0	0.0	2.1601058797579107	5.130251464425033	7.830383814122397	7.830383814122397	5.670277934364487	0.0	0.0	2.3616512761201434	2.361651276120131	3.012796011817504	3.0127960118175166	0	102	102	10.099504938362077	220.33079973530707	38.9493506492727	23.13936230754858	4	"[""UserWarning: Recommended repeat factor is at least 2."",""UserWarning: Commensurate repeat pair in z multiplied by 3 to satisfy the minimum in-plane dimension cutoff of 22 A."",""UserWarning: Recommended repeat factor is at least 2."",""UserWarning: Commensurate repeat pair in z multiplied by 3 to satisfy the minimum in-plane dimension cutoff of 22 A.""]"				
zhang_058_ST_110	58	generated	ST	110	8964	2988	5976	0.860014	155.0	0		/home/frenjc/projects/GBOpt/results/phase_a_geometry_audit/zhang_058_ST_110/structure.data	/home/frenjc/projects/GBOpt/results/phase_a_geometry_audit/zhang_058_ST_110/metadata.json	9c6ef828f827f28825e9eb1b4fc8138fa79dd6b034b2a47d77fb7654d6588193	suspicious	"[""central_interface_large_gap_range"",""central_interface_heavy_gap_tail"",""periodic_interface_large_gap_range""]"	7	5	2.3496934713044766	5.035057438509611	8.056091901615375	8.056091901615375	5.706398430310898	0.0	0.0	2.349693471304488	5.706398430310895	8.056091901615371	8.056091901615371	5.706398430310883	0.0	0.0	2.3616512761201434	2.361651276120134	3.175591916907342	3.1755919169073428	0	66	66	8.12403840463596	177.2340218355381	31.330844674218408	23.13936230754858	4	"[""UserWarning: Recommended repeat factor is at least 2."",""UserWarning: Commensurate repeat pair in z multiplied by 3 to satisfy the minimum in-plane dimension cutoff of 22 A."",""UserWarning: Recommended repeat factor is at least 2."",""UserWarning: Commensurate repeat pair in z multiplied by 3 to satisfy the minimum in-plane dimension cutoff of 22 A.""]"				
zhang_059_ST_110	59	generated	ST	110	13752	4584	9168	0.993299	135.0	0		/home/frenjc/projects/GBOpt/results/phase_a_geometry_audit/zhang_059_ST_110/structure.data	/home/frenjc/projects/GBOpt/results/phase_a_geometry_audit/zhang_059_ST_110/metadata.json	95787a51d4e91b4f6d9c801b16118cf9792d4c0bf7712a1cc451fc649b397ee9	suspicious	"[""central_interface_large_gap_range"",""periodic_interface_large_gap_range""]"	12	5	2.4820664629438483	5.918773873173791	7.446199388831545	7.446199388831545	4.9641329258876965	0.0	0.0	2.482066462943841	5.536917494259363	7.828055767745988	7.828055767745988	5.3459893048021465	0.0	0.0	2.36165127612014	2.361651276120139	3.2903968359812206	3.2903968359812183	0	102	102	10.099504938362077	155.7974025970908	55.08269993382677	23.13936230754858	4	"[""UserWarning: Recommended repeat factor is at least 2."",""UserWarning: Commensurate repeat pair in z multiplied by 3 to satisfy the minimum in-plane dimension cutoff of 22 A."",""UserWarning: Recommended repeat factor is at least 2."",""UserWarning: Commensurate repeat pair in z multiplied by 3 to satisfy the minimum in-plane dimension cutoff of 22 A.""]"				
zhang_060_ST_110	60	generated	ST	110	5076	1692	3384	0.827475	150.0	0		/home/frenjc/projects/GBOpt/results/phase_a_geometry_audit/zhang_060_ST_110/structure.data	/home/frenjc/projects/GBOpt/results/phase_a_geometry_audit/zhang_060_ST_110/metadata.json	83b0b5e6695e0b48b81ee5292053b389464b0c3d24d0fdb54cf349bdb10d630f	suspicious	"[""central_interface_large_gap_range"",""central_interface_heavy_gap_tail"",""periodic_interface_large_gap_range""]"	6	5	2.6542668925415285	5.529722692794856	7.9628006776246	7.9628006776246	5.308533785083071	0.0	0.0	2.654266892541552	6.193289415930245	7.962800677624614	7.962800677624617	5.308533785083066	0.0	0.0	2.3616512761201474	2.361651276120144	3.4408918844576135	3.440891884457641	0	38	38	6.164414002968976	134.48285588877118	23.773434838070834	23.13936230754858	4	"[""UserWarning: Recommended repeat factor is at least 2."",""UserWarning: Commensurate repeat pair in z multiplied by 3 to satisfy the minimum in-plane dimension cutoff of 22 A."",""UserWarning: Recommended repeat factor is at least 2."",""UserWarning: Commensurate repeat pair in z multiplied by 3 to satisfy the minimum in-plane dimension cutoff of 22 A.""]"				
zhang_061_ST_110	61	generated	ST	110	10872	3624	7248	0.909247	155.0	0		/home/frenjc/projects/GBOpt/results/phase_a_geometry_audit/zhang_061_ST_110/structure.data	/home/frenjc/projects/GBOpt/results/phase_a_geometry_audit/zhang_061_ST_110/metadata.json	025ed91b3e15cba805e5fcd49676c173600a396f37687aee6f6c435992ef3252	suspicious	"[""central_interface_large_gap_range"",""central_interface_heavy_gap_tail"",""periodic_interface_large_gap_range""]"	9	5	2.886462670813529	5.510519644280379	9.184199407133988	9.709010801827333	6.822548131013804	0.0	0.0	2.886462670813511	6.2977367363204335	8.134576617747241	9.184199407133995	6.297736736320484	0.0	0.0	2.361651276120146	2.3616512761201416	3.645456452901331	3.6454564529013123	0	54	54	7.3484692283495345	170.03889188065182	40.07855117141836	23.13936230754858	4	"[""UserWarning: Recommended repeat factor is at least 2."",""UserWarning: Commensurate repeat pair in z multiplied by 3 to satisfy the minimum in-plane dimension cutoff of 22 A."",""UserWarning: Recommended repeat factor is at least 2."",""UserWarning: Commensurate repeat pair in z multiplied by 3 to satisfy the minimum in-plane dimension cutoff of 22 A.""]"				
zhang_062_ST_110	62	generated	ST	110	24336	8112	16224	1.060621	156.891	0		/home/frenjc/projects/GBOpt/results/phase_a_geometry_audit/zhang_062_ST_110/structure.data	/home/frenjc/projects/GBOpt/results/phase_a_geometry_audit/zhang_062_ST_110/metadata.json	d90861209a8a4f5e1023fc1c41c81d584f0dc0635f2589c04cee72fdfa8ba931	suspicious	"[""central_interface_large_gap_range"",""central_interface_heavy_gap_tail"",""periodic_interface_large_gap_range"",""periodic_interface_heavy_gap_tail""]"	16	5	1.4453071093886507	5.058574882860341	7.689033821947738	8.238250523515418	6.792943414126768	0.0	0.0	2.4570220859607392	5.347636304738076	8.238250523515411	8.238250523515429	5.78122843755469	0.0	0.0	2.3616512761201323	2.36165127612013	2.601552796899597	2.930090604784636	0	178	178	13.341664064126334	205.81173237694685	72.76543580574503	23.13936230754858	4	"[""UserWarning: Recommended repeat factor is at least 2."",""UserWarning: Commensurate repeat pair in z multiplied by 3 to satisfy the minimum in-plane dimension cutoff of 22 A."",""UserWarning: Recommended repeat factor is at least 2."",""UserWarning: Commensurate repeat pair in z multiplied by 3 to satisfy the minimum in-plane dimension cutoff of 22 A.""]"				
zhang_063_ST_110	63	generated	ST	110	7128	2376	4752	0.823314	155.469	0		/home/frenjc/projects/GBOpt/results/phase_a_geometry_audit/zhang_063_ST_110/structure.data	/home/frenjc/projects/GBOpt/results/phase_a_geometry_audit/zhang_063_ST_110/metadata.json	591b5a9220f551ec9d433768349163356581b848b1399ba492f55ace9911288a	suspicious	"[""central_interface_large_gap_range""]"	7	5	2.571040256394255	5.78484057688712	7.648844762772974	8.998640897379971	6.427600640985716	0.0	0.0	3.2138003204928216	5.784840576887147	6.62042866021527	7.070360705084272	3.8565603845914502	0.0	0.0	2.3616512761201447	2.3616512761201354	3.856560384591404	3.9360854602002453	0	18	18	4.242640687119285	138.83617384529146	32.724	23.13936230754858	6	"[""UserWarning: Recommended repeat factor is at least 2."",""UserWarning: Commensurate repeat pair in y multiplied by 2 to satisfy the minimum in-plane dimension cutoff of 22 A."",""UserWarning: Commensurate repeat pair in z multiplied by 3 to satisfy the minimum in-plane dimension cutoff of 22 A."",""UserWarning: Recommended repeat factor is at least 2."",""UserWarning: Commensurate repeat pair in y multiplied by 2 to satisfy the minimum in-plane dimension cutoff of 22 A."",""UserWarning: Commensurate repeat pair in z multiplied by 3 to satisfy the minimum in-plane dimension cutoff of 22 A.""]"				
zhang_064_ST_110	64	generated	ST	110	15264	5088	10176	0.900187	155.0	0		/home/frenjc/projects/GBOpt/results/phase_a_geometry_audit/zhang_064_ST_110/structure.data	/home/frenjc/projects/GBOpt/results/phase_a_geometry_audit/zhang_064_ST_110/metadata.json	bae906c9e114f6cfb230e8873f5469724329827b2e49a90ae178790b4f16ce46	suspicious	"[""central_interface_large_gap_range"",""central_interface_heavy_gap_tail"",""periodic_interface_large_gap_range""]"	13	5	1.9865998557440037	5.598599593460378	8.921639352159449	9.932999278720033	7.946399422976029	0.0	0.0	1.9865998557439983	6.3209995410036495	8.271479399370511	9.932999278720036	7.946399422976038	0.0	0.0	2.3616512761201327	2.3616512761201296	2.5283998164014605	3.364204999151468	0	114	114	10.677078252031311	164.70718803986668	58.23278478657877	23.13936230754858	4	"[""UserWarning: Recommended repeat factor is at least 2."",""UserWarning: Commensurate repeat pair in z multiplied by 3 to satisfy the minimum in-plane dimension cutoff of 22 A."",""UserWarning: Recommended repeat factor is at least 2."",""UserWarning: Commensurate repeat pair in z multiplied by 3 to satisfy the minimum in-plane dimension cutoff of 22 A.""]"				
zhang_065_ST_110	65	generated	ST	110	16236	5412	10824	0.958727	155.0	0		/home/frenjc/projects/GBOpt/results/phase_a_geometry_audit/zhang_065_ST_110/structure.data	/home/frenjc/projects/GBOpt/results/phase_a_geometry_audit/zhang_065_ST_110/metadata.json	81997edf6caefa3b3d739796c4f784ca4a644b151af91499865d05b47a521829	suspicious	"[""central_interface_large_gap_range""]"	9	5	2.0083255864069827	4.769773267716587	6.527058155822701	8.2843430439288	6.276017457521817	0.0	0.0	2.2593662847078466	5.522895362619187	6.527058155822708	6.778098854123556	4.518732569415709	0.0	0.0	2.3616512761201327	2.361651276120131	2.0083255864069827	3.0177138620800035	0	118	118	10.862780491200215	236.9824191960239	41.89296890887538	23.13936230754858	4	"[""UserWarning: Recommended repeat factor is at least 2."",""UserWarning: Commensurate repeat pair in z multiplied by 3 to satisfy the minimum in-plane dimension cutoff of 22 A."",""UserWarning: Recommended repeat factor is at least 2."",""UserWarning: Commensurate repeat pair in z multiplied by 3 to satisfy the minimum in-plane dimension cutoff of 22 A.""]"				
zhang_066_ST_110	66	generated	ST	110	5832	1944	3888	0.805282	156.66	0		/home/frenjc/projects/GBOpt/results/phase_a_geometry_audit/zhang_066_ST_110/structure.data	/home/frenjc/projects/GBOpt/results/phase_a_geometry_audit/zhang_066_ST_110/metadata.json	4acf5f69c59d80cbcd1b865d27d89ece23d91f0d28300ca71d2bfd5eb18fdfc0	ok	[]	6	5	3.699996464986029	5.344439338313151	6.988882211640274	6.988882211640274	3.2888857466542447	0.0	0.0	3.6999964649860093	6.166660774976723	6.988882211640283	6.988882211640284	3.288885746654275	0.0	0.0	2.3616512761201482	2.3616512761201407	4.111107183317813	4.3701668810448995	0	22	22	4.69041575982343	144.7109728527868	25.581527554076985	23.13936230754858	4	"[""UserWarning: Recommended repeat factor is at least 2."",""UserWarning: Commensurate repeat pair in z multiplied by 3 to satisfy the minimum in-plane dimension cutoff of 22 A."",""UserWarning: Recommended repeat factor is at least 2."",""UserWarning: Commensurate repeat pair in z multiplied by 3 to satisfy the minimum in-plane dimension cutoff of 22 A.""]"				
zhang_067_ST_110	67	generated	ST	110	11124	3708	7416	0.906085	150.0	0		/home/frenjc/projects/GBOpt/results/phase_a_geometry_audit/zhang_067_ST_110/structure.data	/home/frenjc/projects/GBOpt/results/phase_a_geometry_audit/zhang_067_ST_110/metadata.json	4ce3956359f782ce690b13b4f76d7be09ab10be2610e7b273ea45d2c07c4c406	suspicious	"[""central_interface_large_gap_range"",""central_interface_heavy_gap_tail"",""periodic_interface_large_gap_range"",""periodic_interface_heavy_gap_tail""]"	8	5	1.5057338580305384	5.119495117303828	9.636696691395414	9.636696691395414	8.130962833364876	0.0	0.0	1.5057338580305464	6.022935432122142	8.49233895929221	9.636696691395418	8.130962833364872	0.0	0.0	2.3616512761201447	2.361651276120133	1.8068806296366375	3.1512675063125912	0	82	82	9.055385138137417	197.55228217360587	34.92263959095875	23.13936230754858	4	"[""UserWarning: Recommended repeat factor is at least 2."",""UserWarning: Commensurate repeat pair in z multiplied by 3 to satisfy the minimum in-plane dimension cutoff of 22 A."",""UserWarning: Recommended repeat factor is at least 2."",""UserWarning: Commensurate repeat pair in z multiplied by 3 to satisfy the minimum in-plane dimension cutoff of 22 A.""]"				
zhang_068_ST_110	68	generated	ST	110	8640	2880	5760	0.929077	155.0	0		/home/frenjc/projects/GBOpt/results/phase_a_geometry_audit/zhang_068_ST_110/structure.data	/home/frenjc/projects/GBOpt/results/phase_a_geometry_audit/zhang_068_ST_110/metadata.json	6660619329cd57c80ece5c0f956160d2a7be575894bb01ac14154c88c6c21980	suspicious	"[""central_interface_large_gap_range"",""central_interface_heavy_gap_tail"",""periodic_interface_large_gap_range"",""periodic_interface_heavy_gap_tail""]"	10	5	2.1361939550603424	5.221807445703064	8.78213070413699	8.78213070413699	6.645936749076647	0.0	0.0	2.1361939550603495	5.6965172134942605	8.782130704136977	8.782130704136978	6.645936749076629	0.0	0.0	2.3616512761201442	2.361651276120142	2.3735488389559407	3.6999964649860284	0	66	66	8.12403840463596	125.32337869687363	44.308505458884525	23.13936230754858	4	"[""UserWarning: Recommended repeat factor is at least 2."",""UserWarning: Commensurate repeat pair in z multiplied by 3 to satisfy the minimum in-plane dimension cutoff of 22 A."",""UserWarning: Recommended repeat factor is at least 2."",""UserWarning: Commensurate repeat pair in z multiplied by 3 to satisfy the minimum in-plane dimension cutoff of 22 A.""]"				
zhang_069_ST_110	69	generated	ST	110	18072	6024	12048	0.99962	156.625	0		/home/frenjc/projects/GBOpt/results/phase_a_geometry_audit/zhang_069_ST_110/structure.data	/home/frenjc/projects/GBOpt/results/phase_a_geometry_audit/zhang_069_ST_110/metadata.json	b0aa5943a2a282189bf15e843e4dfba90a00d8cadcd10516c43388fde5dee955	suspicious	"[""central_interface_large_gap_range"",""central_interface_heavy_gap_tail"",""periodic_interface_large_gap_range"",""periodic_interface_heavy_gap_tail""]"	14	5	1.4992023364184064	5.330497196154326	8.487151004501944	9.161792055890231	7.662589719471825	0.0	0.0	1.4992023364184253	5.497075233534147	8.562111121322864	9.16179205589023	7.6625897194718045	0.0	0.0	2.361651276120134	2.361651276120121	1.6657803737982277	3.2343604370210866	0	134	134	11.575836902790225	178.57165607116937	63.13461446781789	23.13936230754858	4	"[""UserWarning: Recommended repeat factor is at least 2."",""UserWarning: Commensurate repeat pair in z multiplied by 3 to satisfy the minimum in-plane dimension cutoff of 22 A."",""UserWarning: Recommended repeat factor is at least 2."",""UserWarning: Commensurate repeat pair in z multiplied by 3 to satisfy the minimum in-plane dimension cutoff of 22 A.""]"				
zhang_070_ST_110	70	generated	ST	110	5940	1980	3960	0.843022	145.0	0		/home/frenjc/projects/GBOpt/results/phase_a_geometry_audit/zhang_070_ST_110/structure.data	/home/frenjc/projects/GBOpt/results/phase_a_geometry_audit/zhang_070_ST_110/metadata.json	6f3580793fc4f8b2ed9c92b43452eda4ed39bb96c4152d3c97c0c1a9430c20ca	suspicious	"[""central_interface_large_gap_range"",""central_interface_heavy_gap_tail"",""periodic_interface_large_gap_range"",""periodic_interface_heavy_gap_tail""]"	7	5	2.2265861761898975	4.453172352379809	7.013746454998195	7.793051616664663	5.566465440474765	0.0	0.0	3.3398792642848516	5.566465440474749	8.127039543093145	8.906344704759622	5.56646544047477	0.0	0.0	2.361651276120149	2.361651276120149	4.165561306714834	4.453172352379795	0	6	6	2.449489742783178	133.5951705713945	28.339815313441967	23.13936230754858	6	"[""UserWarning: Recommended repeat factor is at least 2."",""UserWarning: Commensurate repeat pair in y multiplied by 3 to satisfy the minimum in-plane dimension cutoff of 22 A."",""UserWarning: Commensurate repeat pair in z multiplied by 3 to satisfy the minimum in-plane dimension cutoff of 22 A."",""UserWarning: Recommended repeat factor is at least 2."",""UserWarning: Commensurate repeat pair in y multiplied by 3 to satisfy the minimum in-plane dimension cutoff of 22 A."",""UserWarning: Commensurate repeat pair in z multiplied by 3 to satisfy the minimum in-plane dimension cutoff of 22 A.""]"				
zhang_071_ST_110	71	generated	ST	110	11304	3768	7536	0.940012	145.0	0		/home/frenjc/projects/GBOpt/results/phase_a_geometry_audit/zhang_071_ST_110/structure.data	/home/frenjc/projects/GBOpt/results/phase_a_geometry_audit/zhang_071_ST_110/metadata.json	36d07f90fadf168dbe896ccaeb0e6f3b941a3946f8fbb0e6ad2ea4f9ea65d3e2	suspicious	"[""central_interface_large_gap_range"",""central_interface_heavy_gap_tail"",""periodic_interface_large_gap_range"",""periodic_interface_heavy_gap_tail""]"	11	5	1.247590803891029	5.406226816861164	8.941067427885773	9.356931029182789	8.10934022529176	0.0	0.0	1.4555226045395568	5.822090418158171	8.941067427885763	9.980726431128296	8.52520382658874	0.0	0.0	2.361651276120142	2.3616512761201403	1.247590803891029	3.435597183287627	0	86	86	9.273618495495704	143.05707884617243	50.578315274433564	23.13936230754858	4	"[""UserWarning: Recommended repeat factor is at least 2."",""UserWarning: Commensurate repeat pair in z multiplied by 3 to satisfy the minimum in-plane dimension cutoff of 22 A."",""UserWarning: Recommended repeat factor is at least 2."",""UserWarning: Commensurate repeat pair in z multiplied by 3 to satisfy the minimum in-plane dimension cutoff of 22 A.""]"				
zhang_072_ST_110	72	generated	ST	110	6624	2208	4416	0.857254	155.0	0		/home/frenjc/projects/GBOpt/results/phase_a_geometry_audit/zhang_072_ST_110/structure.data	/home/frenjc/projects/GBOpt/results/phase_a_geometry_audit/zhang_072_ST_110/metadata.json	7a9c00823d306cb5cd06edf7a85c60adeb26f83ed76618656ae75b3b6688d9a8	suspicious	"[""central_interface_large_gap_range"",""central_interface_heavy_gap_tail"",""periodic_interface_large_gap_range"",""periodic_interface_heavy_gap_tail""]"	7	5	1.9841839484222419	4.960459871055605	8.664269908110446	9.590222417374157	7.606038468951915	0.0	0.0	2.3148812731592723	6.6139464947407856	9.226455360163403	9.920919742111188	7.606038468951915	0.0	0.0	2.3616512761201416	2.361651276120129	1.9841839484222419	4.2220608067485506	0	34	34	5.830951894845301	134.9245084927123	31.80201163448627	23.13936230754858	4	"[""UserWarning: Recommended repeat factor is at least 2."",""UserWarning: Commensurate repeat pair in z multiplied by 3 to satisfy the minimum in-plane dimension cutoff of 22 A."",""UserWarning: Recommended repeat factor is at least 2."",""UserWarning: Commensurate repeat pair in z multiplied by 3 to satisfy the minimum in-plane dimension cutoff of 22 A.""]"				
zhang_073_ST_110	73	generated	ST	110	4428	1476	2952	0.830279	140.301	0		/home/frenjc/projects/GBOpt/results/phase_a_geometry_audit/zhang_073_ST_110/structure.data	/home/frenjc/projects/GBOpt/results/phase_a_geometry_audit/zhang_073_ST_110/metadata.json	bf0a5725e3319854648005a8aaf9535a1f687347b0bb263db82fb6e8e6ab823a	suspicious	"[""central_interface_large_gap_range"",""central_interface_heavy_gap_tail"",""periodic_interface_large_gap_range"",""central_interface_severe_overlap""]"	5	5	0.935353283367256	4.676766416836223	9.072926848662275	9.353532833672453	8.418179550305197	0.0	0.0	1.4030299250508707	6.079796341887095	8.231108893631744	8.418179550305197	7.015149625254327	0.0	0.0	2.36165127612015	2.3616512761201482	0.9353532833672631	3.546333721979221	0	34	34	5.830951894845301	127.20804653794508	22.48741808211872	23.13936230754858	4	"[""UserWarning: Recommended repeat factor is at least 2."",""UserWarning: Commensurate repeat pair in z multiplied by 3 to satisfy the minimum in-plane dimension cutoff of 22 A."",""UserWarning: Recommended repeat factor is at least 2."",""UserWarning: Commensurate repeat pair in z multiplied by 3 to satisfy the minimum in-plane dimension cutoff of 22 A.""]"				
zhang_074_ST_110	74	generated	ST	110	11664	3888	7776	0.982444	155.469	0		/home/frenjc/projects/GBOpt/results/phase_a_geometry_audit/zhang_074_ST_110/structure.data	/home/frenjc/projects/GBOpt/results/phase_a_geometry_audit/zhang_074_ST_110/metadata.json	6806d89448a2cfe1b2ecdb24be9af1f03c55ed3610bbb58574c233d3f4f91f1c	suspicious	"[""central_interface_large_gap_range"",""central_interface_heavy_gap_tail"",""periodic_interface_large_gap_range"",""periodic_interface_heavy_gap_tail""]"	8	5	1.1762398901031048	4.704959560412426	8.277788226600626	9.11585914829908	7.939619258195975	0.0	0.0	0.5881199450515748	5.587139477989743	8.24838222934803	8.527739203247542	7.939619258195967	0.0	0.0	2.361651276120144	2.3616512761201265	1.176239890103119	2.3524797802062096	0	86	86	9.273618495495704	202.31326109773426	35.76426971154311	23.13936230754858	4	"[""UserWarning: Recommended repeat factor is at least 2."",""UserWarning: Commensurate repeat pair in z multiplied by 3 to satisfy the minimum in-plane dimension cutoff of 22 A."",""UserWarning: Recommended repeat factor is at least 2."",""UserWarning: Commensurate repeat pair in z multiplied by 3 to satisfy the minimum in-plane dimension cutoff of 22 A.""]"				
zhang_075_ST_110	75	generated	ST	110	5328	1776	3552	1.147058	130.0	0		/home/frenjc/projects/GBOpt/results/phase_a_geometry_audit/zhang_075_ST_110/structure.data	/home/frenjc/projects/GBOpt/results/phase_a_geometry_audit/zhang_075_ST_110/metadata.json	2f9d5e961979eb1fddaba48c58301152998af8fa7939fbca29f87f4d218fb8b1	suspicious	"[""central_interface_large_gap_range"",""central_interface_heavy_gap_tail""]"	6	5	4.7233025522403125	7.084953828360476	11.021039288560747	11.02103928856075	6.297736736320438	0.0	0.0	5.510519644280373	8.65938801244058	9.446605104480636	9.446605104480636	3.936085460200262	0.0	0.0	2.361651276120145	2.361651276120142	4.7233025522403125	6.297736736320417	0	6	6	2.449489742783178	132.25247146272918	26.7190341142789	23.13936230754858	6	"[""UserWarning: Recommended repeat factor is at least 2."",""UserWarning: Commensurate repeat pair in y multiplied by 2 to satisfy the minimum in-plane dimension cutoff of 22 A."",""UserWarning: Commensurate repeat pair in z multiplied by 3 to satisfy the minimum in-plane dimension cutoff of 22 A."",""UserWarning: Recommended repeat factor is at least 2."",""UserWarning: Commensurate repeat pair in y multiplied by 2 to satisfy the minimum in-plane dimension cutoff of 22 A."",""UserWarning: Commensurate repeat pair in z multiplied by 3 to satisfy the minimum in-plane dimension cutoff of 22 A.""]"				
zhang_076_ST_110	76	generated	ST	110	8856	2952	5904	1.052778	145.0	0		/home/frenjc/projects/GBOpt/results/phase_a_geometry_audit/zhang_076_ST_110/structure.data	/home/frenjc/projects/GBOpt/results/phase_a_geometry_audit/zhang_076_ST_110/metadata.json	3e7535506febfefd8da49e26f3edcc478b574be95020ee7d7b07dc5c20c7ef68	suspicious	"[""central_interface_large_gap_range"",""central_interface_heavy_gap_tail"",""periodic_interface_large_gap_range"",""periodic_interface_heavy_gap_tail"",""central_interface_severe_overlap""]"	7	5	0.6713409918012871	4.699386942608967	9.801578480298694	10.74145586882048	10.070114877019194	0.0	0.0	1.3426819836025674	6.377739422112154	9.465907984398054	10.405785372919855	9.063103389317288	0.0	0.0	2.36165127612013	2.361651276120129	0.6713409918012871	1.3426819836025743	0	66	66	8.12403840463596	177.2340218355381	31.330844674218408	23.13936230754858	4	"[""UserWarning: Recommended repeat factor is at least 2."",""UserWarning: Commensurate repeat pair in z multiplied by 3 to satisfy the minimum in-plane dimension cutoff of 22 A."",""UserWarning: Recommended repeat factor is at least 2."",""UserWarning: Commensurate repeat pair in z multiplied by 3 to satisfy the minimum in-plane dimension cutoff of 22 A.""]"				
zhang_077_ST_110	77	generated	ST	110	10728	3576	7152	0.983487	146.727	0		/home/frenjc/projects/GBOpt/results/phase_a_geometry_audit/zhang_077_ST_110/structure.data	/home/frenjc/projects/GBOpt/results/phase_a_geometry_audit/zhang_077_ST_110/metadata.json	869649b82a2f5beb6ed584c15cf6474235b2c1d6948a8bd98c194343a1ecda6d	suspicious	"[""central_interface_large_gap_range"",""central_interface_heavy_gap_tail"",""periodic_interface_large_gap_range"",""periodic_interface_heavy_gap_tail""]"	11	5	1.2776575460106727	4.684744335372514	10.647146216755704	12.350689611436614	11.073032065425942	0.0	0.0	1.703543394680895	6.388287730053415	8.94360282207479	10.434203292420612	8.730659897739717	0.0	0.0	2.3616512761201394	2.361651276120142	1.2776575460106727	1.7035433946809064	0	82	82	9.055385138137417	139.690558363835	49.38807054340147	23.13936230754858	4	"[""UserWarning: Recommended repeat factor is at least 2."",""UserWarning: Commensurate repeat pair in z multiplied by 3 to satisfy the minimum in-plane dimension cutoff of 22 A."",""UserWarning: Recommended repeat factor is at least 2."",""UserWarning: Commensurate repeat pair in z multiplied by 3 to satisfy the minimum in-plane dimension cutoff of 22 A.""]"				
zhang_078_ST_110	78	generated	ST	110	8784	2928	5856	1.150155	145.0	0		/home/frenjc/projects/GBOpt/results/phase_a_geometry_audit/zhang_078_ST_110/structure.data	/home/frenjc/projects/GBOpt/results/phase_a_geometry_audit/zhang_078_ST_110/metadata.json	ef06d6420e4acaeb6ac95babc90a8cff3544f196b42ed6f781003946b8952254	suspicious	"[""central_interface_large_gap_range"",""central_interface_heavy_gap_tail"",""periodic_interface_large_gap_range"",""periodic_interface_heavy_gap_tail""]"	8	5	2.3255934140069883	4.651186828014005	10.46517036303149	10.46517036303149	8.139576949024502	0.0	0.0	1.1627967070035088	4.069788474512267	8.720975302526234	8.720975302526234	7.558178595522726	0.0	0.0	2.36165127612014	2.3616512761201243	2.3255934140069883	2.3255934140070167	0	22	22	4.69041575982343	153.4891653244619	36.1777432131967	23.13936230754858	6	"[""UserWarning: Recommended repeat factor is at least 2."",""UserWarning: Commensurate repeat pair in y multiplied by 2 to satisfy the minimum in-plane dimension cutoff of 22 A."",""UserWarning: Commensurate repeat pair in z multiplied by 3 to satisfy the minimum in-plane dimension cutoff of 22 A."",""UserWarning: Recommended repeat factor is at least 2."",""UserWarning: Commensurate repeat pair in y multiplied by 2 to satisfy the minimum in-plane dimension cutoff of 22 A."",""UserWarning: Commensurate repeat pair in z multiplied by 3 to satisfy the minimum in-plane dimension cutoff of 22 A.""]"				
zhang_079_ST_110	79	generated	ST	110	4752	1584	3168	0.935165	155.0	0		/home/frenjc/projects/GBOpt/results/phase_a_geometry_audit/zhang_079_ST_110/structure.data	/home/frenjc/projects/GBOpt/results/phase_a_geometry_audit/zhang_079_ST_110/metadata.json	3a66cc7837bcb37789998ac6f7786105c82e1928bfc61268192e750a50ffd93b	suspicious	"[""central_interface_large_gap_range"",""central_interface_heavy_gap_tail"",""periodic_interface_large_gap_range"",""periodic_interface_heavy_gap_tail"",""central_interface_severe_overlap""]"	5	5	0.9089999999999918	4.5449999999999875	8.181000000000004	8.181000000000012	7.27200000000002	0.0	0.0	2.272500000000012	4.999499999999985	8.090100000000005	8.181000000000006	5.908499999999995	0.0	0.0	2.3616512761201442	2.3616512761201434	0.9089999999999918	3.636000000000024	0	18	18	4.242640687119285	130.896	23.139362307548577	23.13936230754858	4	"[""UserWarning: Recommended repeat factor is at least 2."",""UserWarning: Commensurate repeat pair in z multiplied by 3 to satisfy the minimum in-plane dimension cutoff of 22 A."",""UserWarning: Recommended repeat factor is at least 2."",""UserWarning: Commensurate repeat pair in z multiplied by 3 to satisfy the minimum in-plane dimension cutoff of 22 A.""]"				
zhang_080_ST_110	80	generated	ST	110	7200	2400	4800	0.918643	158.113	0		/home/frenjc/projects/GBOpt/results/phase_a_geometry_audit/zhang_080_ST_110/structure.data	/home/frenjc/projects/GBOpt/results/phase_a_geometry_audit/zhang_080_ST_110/metadata.json	fcc5e3bd411cceb3e0fc2619eb28a0933a2244b195f793b999cec30345506d0c	suspicious	"[""central_interface_large_gap_range"",""central_interface_heavy_gap_tail"",""periodic_interface_large_gap_range"",""periodic_interface_heavy_gap_tail""]"	7	5	1.4843907841266173	5.195367744443132	8.609466547934314	9.648540096822941	8.164149312696324	0.0	0.0	1.4843907841266104	5.937563136506427	9.129003322378644	9.648540096822959	8.164149312696349	0.0	0.0	2.361651276120127	2.3616512761201247	1.4843907841266173	1.4843907841266173	0	54	54	7.3484692283495345	160.31420468567345	28.33981531344197	23.13936230754858	4	"[""UserWarning: Recommended repeat factor is at least 2."",""UserWarning: Commensurate repeat pair in z multiplied by 3 to satisfy the minimum in-plane dimension cutoff of 22 A."",""UserWarning: Recommended repeat factor is at least 2."",""UserWarning: Commensurate repeat pair in z multiplied by 3 to satisfy the minimum in-plane dimension cutoff of 22 A.""]"				
zhang_081_ST_110	81	generated	ST	110	7416	2472	4944	0.960351	151.574	0		/home/frenjc/projects/GBOpt/results/phase_a_geometry_audit/zhang_081_ST_110/structure.data	/home/frenjc/projects/GBOpt/results/phase_a_geometry_audit/zhang_081_ST_110/metadata.json	e662e77acc296dc7e7688b92106b5aab9d7077dca6429b0d6c58119ca00139e8	suspicious	"[""central_interface_large_gap_range"",""central_interface_heavy_gap_tail"",""periodic_interface_large_gap_range""]"	8	5	1.876850118795062	5.6305503563852	10.63548400650538	10.63548400650538	8.758633887710317	0.0	0.0	3.4408918844576153	7.194592122047753	8.758633887710321	8.758633887710324	5.317742003252709	0.0	0.0	2.361651276120133	2.3616512761201403	1.876850118795062	5.004933650120165	0	38	38	6.164414002968976	142.640609028425	33.620713972192796	23.13936230754858	4	"[""UserWarning: Recommended repeat factor is at least 2."",""UserWarning: Commensurate repeat pair in z multiplied by 3 to satisfy the minimum in-plane dimension cutoff of 22 A."",""UserWarning: Recommended repeat factor is at least 2."",""UserWarning: Commensurate repeat pair in z multiplied by 3 to satisfy the minimum in-plane dimension cutoff of 22 A.""]"				
zhang_082_ST_110	82	generated	ST	110	13896	4632	9264	1.10589	155.586	0		/home/frenjc/projects/GBOpt/results/phase_a_geometry_audit/zhang_082_ST_110/structure.data	/home/frenjc/projects/GBOpt/results/phase_a_geometry_audit/zhang_082_ST_110/metadata.json	1ab0aa606e7cbec647e9fea57962359bdbcbec5b43d89800169380b13657fc46	suspicious	"[""central_interface_large_gap_range"",""central_interface_heavy_gap_tail"",""periodic_interface_large_gap_range"",""periodic_interface_heavy_gap_tail""]"	9	5	1.0800529398789394	5.400264699394754	9.180449988971116	10.260502928850059	9.18044998897112	0.0	0.0	1.080052939878954	5.940291169334248	9.180449988971102	12.150595573638256	11.070542633759302	0.0	0.0	2.3616512761201385	2.3616512761201296	1.0800529398789394	1.0800529398789536	0	102	102	10.099504938362077	220.33079973530707	38.9493506492727	23.13936230754858	4	"[""UserWarning: Recommended repeat factor is at least 2."",""UserWarning: Commensurate repeat pair in z multiplied by 3 to satisfy the minimum in-plane dimension cutoff of 22 A."",""UserWarning: Recommended repeat factor is at least 2."",""UserWarning: Commensurate repeat pair in z multiplied by 3 to satisfy the minimum in-plane dimension cutoff of 22 A.""]"				
zhang_083_ST_110	83	generated	ST	110	8640	2880	5760	1.062498	150.0	0		/home/frenjc/projects/GBOpt/results/phase_a_geometry_audit/zhang_083_ST_110/structure.data	/home/frenjc/projects/GBOpt/results/phase_a_geometry_audit/zhang_083_ST_110/metadata.json	27d8de31b552416252eba1fb94bffbd201d06accd54a31bb45e7af200cb705cc	suspicious	"[""central_interface_large_gap_range"",""central_interface_heavy_gap_tail"",""periodic_interface_large_gap_range"",""periodic_interface_heavy_gap_tail"",""central_interface_severe_overlap""]"	10	5	0.47470976779118246	4.272387910120692	9.968905123614945	9.968905123614952	9.49419535582377	0.0	0.0	1.8988390711647551	5.696517213494252	9.494195355823756	9.494195355823756	7.595356284659001	0.0	0.0	2.361651276120146	2.36165127612014	0.47470976779118246	1.8988390711647583	0	66	66	8.12403840463596	125.32337869687363	44.308505458884525	23.13936230754858	4	"[""UserWarning: Recommended repeat factor is at least 2."",""UserWarning: Commensurate repeat pair in z multiplied by 3 to satisfy the minimum in-plane dimension cutoff of 22 A."",""UserWarning: Recommended repeat factor is at least 2."",""UserWarning: Commensurate repeat pair in z multiplied by 3 to satisfy the minimum in-plane dimension cutoff of 22 A.""]"				
zhang_084_ST_110	84	generated	ST	110	13464	4488	8976	1.126845	155.0	0		/home/frenjc/projects/GBOpt/results/phase_a_geometry_audit/zhang_084_ST_110/structure.data	/home/frenjc/projects/GBOpt/results/phase_a_geometry_audit/zhang_084_ST_110/metadata.json	a25a2c870b8883064a57770b89e79dfbabe126538481d6a533c67d18ec1ad0c2	suspicious	"[""central_interface_large_gap_range"",""central_interface_heavy_gap_tail"",""periodic_interface_large_gap_range"",""periodic_interface_heavy_gap_tail""]"	12	5	1.145569136743319	5.727845683716566	11.073834988518712	11.073834988518726	9.928265851775407	0.0	0.0	3.054851031315491	6.8734148204599	11.83754774634758	11.837547746347608	8.782696715032117	0.0	0.0	2.3616512761201367	2.3616512761201323	1.145569136743319	3.0548510313154793	0	102	102	10.099504938362077	155.7974025970908	55.08269993382677	23.13936230754858	4	"[""UserWarning: Recommended repeat factor is at least 2."",""UserWarning: Commensurate repeat pair in z multiplied by 3 to satisfy the minimum in-plane dimension cutoff of 22 A."",""UserWarning: Recommended repeat factor is at least 2."",""UserWarning: Commensurate repeat pair in z multiplied by 3 to satisfy the minimum in-plane dimension cutoff of 22 A.""]"				
zhang_085_AT_110	85	generated	AT	110	58464	19488	38976	1.561139	161.445	0		/home/frenjc/projects/GBOpt/results/phase_a_geometry_audit/zhang_085_AT_110/structure.data	/home/frenjc/projects/GBOpt/results/phase_a_geometry_audit/zhang_085_AT_110/metadata.json	c0720e8f28a1820fccbf92026d350c33e8e8945a8c012a46efd40745cb546873	suspicious	"[""central_interface_large_gap_range"",""periodic_interface_large_gap_range"",""periodic_interface_heavy_gap_tail""]"	49	5	3.1038466681834507	5.701530540405031	7.9731384165717	9.502550900675047	6.398704232491596	0.0	0.0	5.5105196442803415	8.108203516501908	11.167028484708641	12.741462668788756	7.230943024508415	0.0	0.0	2.3618789491764325	2.3598338336074476	3.1505931949727337	5.53851476578013	0	54	6	7.3484692283495345	165.17654828316262	226.9151562394532	23.13936230754858	4	"[""UserWarning: Recommended repeat factor is at least 2."",""UserWarning: Commensurate repeat pair in z multiplied by 3 to satisfy the minimum in-plane dimension cutoff of 22 A."",""UserWarning: Recommended repeat factor is at least 2."",""UserWarning: Commensurate repeat pair in z multiplied by 3 to satisfy the minimum in-plane dimension cutoff of 22 A.""]"				
zhang_086_AT_110	86	generated	AT	110	315720	105240	210480	7.879339	250.367	0		/home/frenjc/projects/GBOpt/results/phase_a_geometry_audit/zhang_086_AT_110/structure.data	/home/frenjc/projects/GBOpt/results/phase_a_geometry_audit/zhang_086_AT_110/metadata.json	76391cbfa11989c5d4f92e11da3058727474051a54f508303024133fecd306f5	suspicious	"[""central_interface_large_gap_range"",""central_interface_heavy_gap_tail"",""periodic_interface_large_gap_range""]"	64	5	1.1104437566690137	3.11464158040539	5.606209400666074	6.716653157335131	5.606209400666117	0.0	0.0	1.3541287549311842	3.5660178320491345	5.426449660582856	6.292272214351801	4.938143459420616	0.0	0.0	2.3617335677243285	2.3580502052089805	1.6573948887461811	1.8314004597984253	0	38	146	12.083045973594572	199.04329342435517	976.6448766635511	23.13936230754858	4	"[""UserWarning: Recommended repeat factor is at least 2."",""UserWarning: Commensurate repeat pair in z multiplied by 3 to satisfy the minimum in-plane dimension cutoff of 22 A."",""UserWarning: Recommended repeat factor is at least 2."",""UserWarning: Commensurate repeat pair in z multiplied by 3 to satisfy the minimum in-plane dimension cutoff of 22 A.""]"				
zhang_087_AT_110	87	generated	AT	110	278928	92976	185952	6.431133	243.152	0		/home/frenjc/projects/GBOpt/results/phase_a_geometry_audit/zhang_087_AT_110/structure.data	/home/frenjc/projects/GBOpt/results/phase_a_geometry_audit/zhang_087_AT_110/metadata.json	d71d953d4923c1feeaa3bd3ef57a438e8ca0c5b7ea59e25496793941ee36ab8c	ok	[]	64	5	0.9920919742110073	2.749376862317206	4.2394450767813545	5.394955460213538	4.402863486002531	0.0	0.0	1.4941733708128082	3.319044066362782	4.753597292375469	5.407026279205919	3.912852908393111	0.0	0.0	2.3618209746904357	2.357538407057013	1.0849823172519757	1.513996123309304	0	34	118	10.862780491200215	253.41571809072425	669.0648734331089	23.13936230754858	4	"[""UserWarning: Recommended repeat factor is at least 2."",""UserWarning: Commensurate repeat pair in z multiplied by 3 to satisfy the minimum in-plane dimension cutoff of 22 A."",""UserWarning: Recommended repeat factor is at least 2."",""UserWarning: Commensurate repeat pair in z multiplied by 3 to satisfy the minimum in-plane dimension cutoff of 22 A.""]"				
zhang_088_AT_110	88	generated	AT	110	33624	11208	22416	1.201216	155.0	0		/home/frenjc/projects/GBOpt/results/phase_a_geometry_audit/zhang_088_AT_110/structure.data	/home/frenjc/projects/GBOpt/results/phase_a_geometry_audit/zhang_088_AT_110/metadata.json	206629b533ca86e47c5bca9d665ff506d2b3521749d39bb250e5e79430dbba38	suspicious	"[""central_interface_large_gap_range"",""central_interface_heavy_gap_tail"",""periodic_interface_large_gap_range"",""periodic_interface_heavy_gap_tail""]"	34	5	2.3959568339793478	4.266663400713838	6.662620234693183	9.468680084794904	7.072723250815557	0.0	0.0	2.3959568339793287	4.266663400713827	7.597973518060406	9.468680084794912	7.072723250815583	0.0	0.0	2.361762321678972	2.3597761973320437	2.4029269991966307	2.4029269991966307	0	34	2	5.830951894845301	133.02211019161828	157.78896328741553	23.13936230754858	4	"[""UserWarning: Recommended repeat factor is at least 2."",""UserWarning: Commensurate repeat pair in z multiplied by 3 to satisfy the minimum in-plane dimension cutoff of 22 A."",""UserWarning: Recommended repeat factor is at least 2."",""UserWarning: Commensurate repeat pair in z multiplied by 3 to satisfy the minimum in-plane dimension cutoff of 22 A.""]"				
zhang_089_AT_110	89	generated	AT	110	9000	3000	6000	0.85557	145.0	0		/home/frenjc/projects/GBOpt/results/phase_a_geometry_audit/zhang_089_AT_110/structure.data	/home/frenjc/projects/GBOpt/results/phase_a_geometry_audit/zhang_089_AT_110/metadata.json	f883c2d1a77d763bcd5466c04a3cf026d2575df86796a897e7b1e9772b93b178	suspicious	"[""central_interface_large_gap_range"",""periodic_interface_large_gap_range"",""periodic_interface_heavy_gap_tail""]"	7	5	2.0140229754038614	5.035057438509611	6.3441723725221	8.056091901615375	6.042068926211513	0.0	0.0	3.0210344631057686	4.699386942608982	9.398773885217924	9.398773885217924	6.377739422112155	0.0	0.0	2.3616512761201434	2.361651276120137	4.111107183317807	3.103817857970171	0	66	66	8.12403840463596	177.2340218355381	31.330844674218408	23.13936230754858	4	"[""UserWarning: Recommended repeat factor is at least 2."",""UserWarning: Commensurate repeat pair in z multiplied by 3 to satisfy the minimum in-plane dimension cutoff of 22 A."",""UserWarning: Recommended repeat factor is at least 2."",""UserWarning: Commensurate repeat pair in z multiplied by 3 to satisfy the minimum in-plane dimension cutoff of 22 A.""]"				
zhang_090_AT_110	90	generated	AT	110	16560	5520	11040	1.018723	151.547	0		/home/frenjc/projects/GBOpt/results/phase_a_geometry_audit/zhang_090_AT_110/structure.data	/home/frenjc/projects/GBOpt/results/phase_a_geometry_audit/zhang_090_AT_110/metadata.json	9a1aa4497a1feeea2fae6563801296bccdc5707cf5e5e571c502ac6794976164	ok	[]	5	13	2.1035783915953488	4.382454982490273	5.890019496466924	6.310735174785989	4.207156783190641	0.0	0.0	2.1035783915953026	3.8565603845914005	5.399184538427985	6.1354369754863285	4.031858583891026	0.0	0.0	2.3616512761201465	2.361651276120127	2.32559341400702	2.3255934140069794	0	2	242	15.556349186104045	169.68865692202291	23.13936230754858	59.994	4	"[""UserWarning: Recommended repeat factor is at least 2."",""UserWarning: Commensurate repeat pair in y multiplied by 3 to satisfy the minimum in-plane dimension cutoff of 22 A."",""UserWarning: Recommended repeat factor is at least 2."",""UserWarning: Commensurate repeat pair in y multiplied by 3 to satisfy the minimum in-plane dimension cutoff of 22 A.""]"				
zhang_091_AT_110	91	generated	AT	110	8856	2952	5904	0.920014	145.0	0		/home/frenjc/projects/GBOpt/results/phase_a_geometry_audit/zhang_091_AT_110/structure.data	/home/frenjc/projects/GBOpt/results/phase_a_geometry_audit/zhang_091_AT_110/metadata.json	07db6bd42688e620d44079aa1fc457941ce9c662240983197199284e7f0483b7	suspicious	"[""central_interface_large_gap_range"",""central_interface_heavy_gap_tail"",""periodic_interface_large_gap_range"",""periodic_interface_heavy_gap_tail""]"	10	5	1.4241293033735616	3.7976781423294987	8.307420936345796	9.731550239719361	8.3074209363458	0.0	0.0	1.186774419477973	4.272387910120692	8.307420936345792	8.544775820241384	7.358001400763411	0.0	0.0	2.3616512761201465	2.36165127612014	2.632393004818646	1.2333321549953424	0	66	66	8.12403840463596	125.32337869687363	44.308505458884525	23.13936230754858	4	"[""UserWarning: Recommended repeat factor is at least 2."",""UserWarning: Commensurate repeat pair in z multiplied by 3 to satisfy the minimum in-plane dimension cutoff of 22 A."",""UserWarning: Recommended repeat factor is at least 2."",""UserWarning: Commensurate repeat pair in z multiplied by 3 to satisfy the minimum in-plane dimension cutoff of 22 A.""]"				
zhang_092_AT_110	92	generated	AT	110	59976	19992	39984	1.515184	165.0	0		/home/frenjc/projects/GBOpt/results/phase_a_geometry_audit/zhang_092_AT_110/structure.data	/home/frenjc/projects/GBOpt/results/phase_a_geometry_audit/zhang_092_AT_110/metadata.json	1b0d6533b7e38b4f58197d4ba94c0478a7619f9f9b30e08f87f38a40ae231a64	suspicious	"[""central_interface_large_gap_range"",""periodic_interface_large_gap_range"",""periodic_interface_heavy_gap_tail""]"	55	5	3.5727230656228244	5.217165938949961	7.145446131245677	8.7898890045728	5.217165938949975	0.0	0.0	6.195951295218906	7.8403941685460525	11.41311723416891	12.235338670832483	6.039387375613577	0.0	0.0	2.361797580229515	2.360848902443826	3.573066393142209	6.1971885453228	0	22	2	4.69041575982343	149.486694118222	256.0766377703849	23.13936230754858	4	"[""UserWarning: Recommended repeat factor is at least 2."",""UserWarning: Commensurate repeat pair in z multiplied by 3 to satisfy the minimum in-plane dimension cutoff of 22 A."",""UserWarning: Recommended repeat factor is at least 2."",""UserWarning: Commensurate repeat pair in z multiplied by 3 to satisfy the minimum in-plane dimension cutoff of 22 A.""]"				
zhang_093_AT_110	93	generated	AT	110	7056	2352	4704	0.905453	155.449	0		/home/frenjc/projects/GBOpt/results/phase_a_geometry_audit/zhang_093_AT_110/structure.data	/home/frenjc/projects/GBOpt/results/phase_a_geometry_audit/zhang_093_AT_110/metadata.json	9937c40d3e8bd311e2de2783244ef5da53394e16663bd321ea059c1f682369ba	suspicious	"[""central_interface_large_gap_range"",""central_interface_heavy_gap_tail"",""periodic_interface_large_gap_range"",""periodic_interface_heavy_gap_tail""]"	7	5	3.2138003204928367	4.499320448689986	8.098776807641977	8.998640897379985	5.784840576887149	0.0	0.0	6.4276006409857205	8.355880833281436	11.312577128134864	12.85520128197144	6.427600640985719	0.0	0.0	2.361651276120146	2.3616512761201407	3.2457792207727034	6.491558441545464	0	18	2	4.242640687119285	138.83617384529146	32.724	23.13936230754858	6	"[""UserWarning: Recommended repeat factor is at least 2."",""UserWarning: Commensurate repeat pair in y multiplied by 2 to satisfy the minimum in-plane dimension cutoff of 22 A."",""UserWarning: Commensurate repeat pair in z multiplied by 3 to satisfy the minimum in-plane dimension cutoff of 22 A."",""UserWarning: Recommended repeat factor is at least 2."",""UserWarning: Commensurate repeat pair in y multiplied by 2 to satisfy the minimum in-plane dimension cutoff of 22 A."",""UserWarning: Commensurate repeat pair in z multiplied by 3 to satisfy the minimum in-plane dimension cutoff of 22 A.""]"				
zhang_094_AT_110	94	generated	AT	110	4824	1608	3216	0.816113	145.0	0		/home/frenjc/projects/GBOpt/results/phase_a_geometry_audit/zhang_094_AT_110/structure.data	/home/frenjc/projects/GBOpt/results/phase_a_geometry_audit/zhang_094_AT_110/metadata.json	c61439faf5a71314fbf8de935ff5ab703fe446e6a09f8c0b7ac9b7c89236b7ef	ok	[]	5	5	1.8179999999999978	3.1814999999999998	4.908599999999995	5.454000000000001	3.636000000000003	0.0	0.0	5.908499999999994	7.726499999999993	8.999099999999991	10.453499999999995	4.545000000000001	0.0	0.0	2.361651276120145	2.3616512761201522	2.226586176189909	5.943358709517698	0	18	2	4.242640687119285	130.896	23.13936230754858	23.13936230754858	4	"[""UserWarning: Recommended repeat factor is at least 2."",""UserWarning: Commensurate repeat pair in z multiplied by 3 to satisfy the minimum in-plane dimension cutoff of 22 A."",""UserWarning: Recommended repeat factor is at least 2."",""UserWarning: Commensurate repeat pair in z multiplied by 3 to satisfy the minimum in-plane dimension cutoff of 22 A.""]"				
zhang_095_AT_110	95	generated	AT	110	9000	3000	6000	0.88059	150.0	0		/home/frenjc/projects/GBOpt/results/phase_a_geometry_audit/zhang_095_AT_110/structure.data	/home/frenjc/projects/GBOpt/results/phase_a_geometry_audit/zhang_095_AT_110/metadata.json	c2dd095d62bf5b13675c125ca14aa508222b7bc331fead8705c9c93c3be7d607	suspicious	"[""central_interface_large_gap_range"",""periodic_interface_large_gap_range"",""periodic_interface_heavy_gap_tail""]"	7	5	2.0140229754038472	5.035057438509611	6.713409918012815	8.056091901615375	6.0420689262115275	0.0	0.0	2.349693471304502	5.035057438509618	7.9218237032551055	10.741455868820484	8.391762397515983	0.0	0.0	2.3616512761201434	2.3616512761201336	3.24577922077275	2.3616512761201864	0	66	66	8.12403840463596	177.2340218355381	31.330844674218408	23.13936230754858	4	"[""UserWarning: Recommended repeat factor is at least 2."",""UserWarning: Commensurate repeat pair in z multiplied by 3 to satisfy the minimum in-plane dimension cutoff of 22 A."",""UserWarning: Recommended repeat factor is at least 2."",""UserWarning: Commensurate repeat pair in z multiplied by 3 to satisfy the minimum in-plane dimension cutoff of 22 A.""]"				
zhang_096_AT_110	96	generated	AT	110	14112	4704	9408	1.181288	150.637	0		/home/frenjc/projects/GBOpt/results/phase_a_geometry_audit/zhang_096_AT_110/structure.data	/home/frenjc/projects/GBOpt/results/phase_a_geometry_audit/zhang_096_AT_110/metadata.json	3cddab41d5086ebd87bf8aa599bf098933dbc10d32487aa4c714fc4dcac06416	suspicious	"[""central_interface_large_gap_range"",""central_interface_heavy_gap_tail"",""periodic_interface_large_gap_range"",""periodic_interface_heavy_gap_tail""]"	9	5	1.3500661748486635	4.050198524546076	7.5603705791526865	10.530516163819797	9.180449988971134	0.0	0.0	2.1601058797579062	4.320211759515819	6.966341462219252	7.830383814122425	5.670277934364519	0.0	0.0	2.3616512761201354	2.361651276120136	2.2265861761898806	2.361651276120157	0	102	102	10.099504938362077	220.33079973530707	38.9493506492727	23.13936230754858	4	"[""UserWarning: Recommended repeat factor is at least 2."",""UserWarning: Commensurate repeat pair in z multiplied by 3 to satisfy the minimum in-plane dimension cutoff of 22 A."",""UserWarning: Recommended repeat factor is at least 2."",""UserWarning: Commensurate repeat pair in z multiplied by 3 to satisfy the minimum in-plane dimension cutoff of 22 A.""]"				
zhang_097_AT_110	97	generated	AT	110	40608	13536	27072	1.260397	155.0	0		/home/frenjc/projects/GBOpt/results/phase_a_geometry_audit/zhang_097_AT_110/structure.data	/home/frenjc/projects/GBOpt/results/phase_a_geometry_audit/zhang_097_AT_110/metadata.json	75ac5ef42724272adcb8157c5fd0ecab6eb64977210b8985ed22bbca73025d06	suspicious	"[""central_interface_large_gap_range"",""central_interface_heavy_gap_tail"",""periodic_interface_large_gap_range"",""periodic_interface_heavy_gap_tail""]"	41	5	2.813035823142883	5.024924900260842	8.103387412657867	9.165094169674504	6.352058346531621	0.0	0.0	5.784840576887148	8.155498584606454	11.163667729486853	12.136898923418762	6.3520583465316145	0.0	0.0	2.3617278679272435	2.3602035906860768	2.8314437307164484	6.1001300914528205	0	38	2	6.164414002968976	136.65951486703133	190.53873935228333	23.13936230754858	4	"[""UserWarning: Recommended repeat factor is at least 2."",""UserWarning: Commensurate repeat pair in z multiplied by 3 to satisfy the minimum in-plane dimension cutoff of 22 A."",""UserWarning: Recommended repeat factor is at least 2."",""UserWarning: Commensurate repeat pair in z multiplied by 3 to satisfy the minimum in-plane dimension cutoff of 22 A.""]"				
zhang_098_AT_110	98	generated	AT	110	36216	12072	24144	1.130896	150.0	0		/home/frenjc/projects/GBOpt/results/phase_a_geometry_audit/zhang_098_AT_110/structure.data	/home/frenjc/projects/GBOpt/results/phase_a_geometry_audit/zhang_098_AT_110/metadata.json	de40c6d400d4a885c326cc7c99181b5637002515938a00a0c2c5c9505882c151	suspicious	"[""central_interface_large_gap_range"",""central_interface_heavy_gap_tail"",""periodic_interface_large_gap_range"",""periodic_interface_heavy_gap_tail""]"	27	5	2.599621184096989	5.2849851513021235	8.086008632939507	9.227288319001687	6.627667134904698	0.0	0.0	6.120511072787817	8.470204544092299	11.741166719990549	12.748178207692469	6.627667134904652	0.0	0.0	2.361662568432737	2.361279128044662	2.6156459299452894	6.435401827188263	0	66	2	8.12403840463596	181.17446014796337	125.38268934843681	23.13936230754858	4	"[""UserWarning: Recommended repeat factor is at least 2."",""UserWarning: Commensurate repeat pair in z multiplied by 3 to satisfy the minimum in-plane dimension cutoff of 22 A."",""UserWarning: Recommended repeat factor is at least 2."",""UserWarning: Commensurate repeat pair in z multiplied by 3 to satisfy the minimum in-plane dimension cutoff of 22 A.""]"				
zhang_099_AT_110	99	generated	AT	110	7344	2448	4896	0.853023	155.0	0		/home/frenjc/projects/GBOpt/results/phase_a_geometry_audit/zhang_099_AT_110/structure.data	/home/frenjc/projects/GBOpt/results/phase_a_geometry_audit/zhang_099_AT_110/metadata.json	8f72f7b51f416519a082ea84085c10fe8205d0a7608fa89813fe3fe12a82ad56	suspicious	"[""central_interface_large_gap_range"",""central_interface_heavy_gap_tail"",""periodic_interface_large_gap_range"",""periodic_interface_heavy_gap_tail""]"	7	5	0.7421953920633086	3.3398792642848747	7.42195392063303	8.535247008727993	7.793051616664684	0.0	0.0	2.2265861761898673	4.082074656348134	7.050856224601343	7.050856224601356	4.824270048411488	0.0	0.0	2.3616512761201407	2.3616512761201247	1.5744341840801064	2.3616512761201296	0	54	6	7.3484692283495345	160.31420468567342	28.339815313441967	23.13936230754858	4	"[""UserWarning: Recommended repeat factor is at least 2."",""UserWarning: Commensurate repeat pair in z multiplied by 3 to satisfy the minimum in-plane dimension cutoff of 22 A."",""UserWarning: Recommended repeat factor is at least 2."",""UserWarning: Commensurate repeat pair in z multiplied by 3 to satisfy the minimum in-plane dimension cutoff of 22 A.""]"				
zhang_100_AT_110	100	generated	AT	110	7272	2424	4848	0.905131	141.484	0		/home/frenjc/projects/GBOpt/results/phase_a_geometry_audit/zhang_100_AT_110/structure.data	/home/frenjc/projects/GBOpt/results/phase_a_geometry_audit/zhang_100_AT_110/metadata.json	4de9c4e81732b7119f87eadf0056d1d4e50399ab3946452820aa860ea2195755	suspicious	"[""periodic_interface_heavy_gap_tail""]"	5	7	2.5710402563942836	4.49932044869	6.42760064098573	7.070360705084312	4.499320448690028	0.0	0.0	3.213800320492819	4.499320448689984	7.070360705084253	7.070360705084255	3.856560384591436	0.0	0.0	2.3616512761201527	2.3616512761201354	3.2457792207727225	3.245779220772689	0	2	18	4.242640687119285	138.83617384529146	23.13936230754858	32.724	6	"[""UserWarning: Recommended repeat factor is at least 2."",""UserWarning: Commensurate repeat pair in y multiplied by 3 to satisfy the minimum in-plane dimension cutoff of 22 A."",""UserWarning: Commensurate repeat pair in z multiplied by 2 to satisfy the minimum in-plane dimension cutoff of 22 A."",""UserWarning: Recommended repeat factor is at least 2."",""UserWarning: Commensurate repeat pair in y multiplied by 3 to satisfy the minimum in-plane dimension cutoff of 22 A."",""UserWarning: Commensurate repeat pair in z multiplied by 2 to satisfy the minimum in-plane dimension cutoff of 22 A.""]"				
zhang_101_AT_110	101	generated	AT	110	24372	8124	16248	1.039394	156.695	0		/home/frenjc/projects/GBOpt/results/phase_a_geometry_audit/zhang_101_AT_110/structure.data	/home/frenjc/projects/GBOpt/results/phase_a_geometry_audit/zhang_101_AT_110/metadata.json	9c16ef22b877c61066f23715c0c331cae58a29b64c7e32240003704f2cfecfa1	suspicious	"[""central_interface_large_gap_range"",""central_interface_heavy_gap_tail"",""periodic_interface_large_gap_range"",""periodic_interface_heavy_gap_tail""]"	16	5	1.4493841474155857	4.565560064359161	7.971612810785814	10.435565861392348	8.986181713976762	0.0	0.0	1.3044457326740413	4.4930908569883705	7.399106072556635	9.276058543459857	7.971612810785816	0.0	0.0	2.3616512761201367	2.361651276120116	1.5744341840800908	1.574434184080106	0	354	354	18.81488772222678	205.2327952740497	72.56075063007547	23.13936230754858	4	"[""UserWarning: Recommended repeat factor is at least 2."",""UserWarning: Commensurate repeat pair in z multiplied by 3 to satisfy the minimum in-plane dimension cutoff of 22 A."",""UserWarning: Recommended repeat factor is at least 2."",""UserWarning: Commensurate repeat pair in z multiplied by 3 to satisfy the minimum in-plane dimension cutoff of 22 A.""]"				
zhang_102_AT_110	102	generated	AT	110	22752	7584	15168	1.113685	156.488	0		/home/frenjc/projects/GBOpt/results/phase_a_geometry_audit/zhang_102_AT_110/structure.data	/home/frenjc/projects/GBOpt/results/phase_a_geometry_audit/zhang_102_AT_110/metadata.json	94af353a257d839657895e8a10cc512aca698841011b3490ad5630d214c9419b	suspicious	"[""central_interface_large_gap_range"",""periodic_interface_large_gap_range"",""periodic_interface_heavy_gap_tail""]"	22	5	1.355502863574202	5.839089258473535	7.632523816433269	9.279981142931163	7.924478279356961	0.0	0.0	2.2939279229717697	6.047628160561901	9.384250593975349	10.009867300240368	7.715939377268597	0.0	0.0	2.3616512761201176	2.361651276120129	1.5744341840800966	3.245779220772708	0	342	38	18.49324200890693	142.640609028425	100.8621419165784	23.13936230754858	4	"[""UserWarning: Recommended repeat factor is at least 2."",""UserWarning: Commensurate repeat pair in z multiplied by 3 to satisfy the minimum in-plane dimension cutoff of 22 A."",""UserWarning: Recommended repeat factor is at least 2."",""UserWarning: Commensurate repeat pair in z multiplied by 3 to satisfy the minimum in-plane dimension cutoff of 22 A.""]"				
zhang_103_AT_110	103	generated	AT	110	27360	9120	18240	1.187902	155.0	0		/home/frenjc/projects/GBOpt/results/phase_a_geometry_audit/zhang_103_AT_110/structure.data	/home/frenjc/projects/GBOpt/results/phase_a_geometry_audit/zhang_103_AT_110/metadata.json	1a826468adf928092000368aa92f49156c820b578146cc7bbbcc335b08a34a58	suspicious	"[""central_interface_large_gap_range"",""central_interface_heavy_gap_tail"",""periodic_interface_large_gap_range"",""periodic_interface_heavy_gap_tail""]"	17	5	0.5481476244423646	4.796291713870758	7.345178167527819	8.222214366635612	7.674066742193247	0.0	0.0	0.5481476244423618	3.8370333710966165	7.098511736528724	8.222214366635603	7.674066742193241	0.0	0.0	2.361651276120131	2.361651276120115	1.4241293033735556	1.2333321549953344	0	198	198	14.071247279470288	217.0664592791802	76.74458266223095	23.13936230754858	4	"[""UserWarning: Recommended repeat factor is at least 2."",""UserWarning: Commensurate repeat pair in z multiplied by 3 to satisfy the minimum in-plane dimension cutoff of 22 A."",""UserWarning: Recommended repeat factor is at least 2."",""UserWarning: Commensurate repeat pair in z multiplied by 3 to satisfy the minimum in-plane dimension cutoff of 22 A.""]"				
zhang_104_AT_110	104	generated	AT	110	41328	13776	27552	1.282758	160.0	0		/home/frenjc/projects/GBOpt/results/phase_a_geometry_audit/zhang_104_AT_110/structure.data	/home/frenjc/projects/GBOpt/results/phase_a_geometry_audit/zhang_104_AT_110/metadata.json	14643451e43d0a404b9f6e5fb4943bcc212caaaf86bde7d63f6c80db61cc1831	suspicious	"[""central_interface_large_gap_range"",""central_interface_heavy_gap_tail"",""periodic_interface_large_gap_range"",""periodic_interface_heavy_gap_tail""]"	20	5	1.1189016530021547	4.811277107909177	7.384750909814102	10.070114877019194	8.951213224017039	0.0	0.0	1.1189016530021487	4.195881198758016	6.937190248613236	10.070114877019197	8.951213224017048	0.0	0.0	2.3616512761201287	2.3616512761201016	1.4241293033735463	1.4241293033735696	0	594	594	24.372115213907882	265.85103275330715	93.99253402265522	23.13936230754858	4	"[""UserWarning: Recommended repeat factor is at least 2."",""UserWarning: Commensurate repeat pair in z multiplied by 3 to satisfy the minimum in-plane dimension cutoff of 22 A."",""UserWarning: Recommended repeat factor is at least 2."",""UserWarning: Commensurate repeat pair in z multiplied by 3 to satisfy the minimum in-plane dimension cutoff of 22 A.""]"				
zhang_105_TW_110	105	generated	TW	110	81720	27240	54480	1.687487	170.57	0		/home/frenjc/projects/GBOpt/results/phase_a_geometry_audit/zhang_105_TW_110/structure.data	/home/frenjc/projects/GBOpt/results/phase_a_geometry_audit/zhang_105_TW_110/metadata.json	66561c69639044631b2c76481161294d717feb7ea8ce6998b687c9655d398db1	ok	[]	25	18	3.8565603845914183	3.8565603845914396	5.784840576887156	7.713120769182865	3.8565603845914467	0.0	0.0	3.8565603845914174	3.856560384591446	5.784840576887162	7.7131207691828765	3.856560384591459	0.0	0.0	2.3616512761201114	2.3616512761201163	3.8565603845914467	3.8565603845914467	0	454	454	21.307275752662516	123.40993230692577	116.20988195502136	82.1727955712838	2	"[""UserWarning: Recommended repeat factor is at least 2."",""UserWarning: Recommended repeat factor is at least 2.""]"				
zhang_106_TW_110	106	generated	TW	110	44280	14760	29520	1.399345	159.387	0		/home/frenjc/projects/GBOpt/results/phase_a_geometry_audit/zhang_106_TW_110/structure.data	/home/frenjc/projects/GBOpt/results/phase_a_geometry_audit/zhang_106_TW_110/metadata.json	9d954ee7a5eed7cc60015bf2504f5b0bc3665a727761d73326dce1975b302661	ok	[]	19	13	3.8565603845914254	3.8565603845914396	5.784840576887156	7.713120769182865	3.8565603845914396	0.0	0.0	3.8565603845914174	3.856560384591446	5.784840576887161	7.7131207691828765	3.856560384591459	0.0	0.0	2.361651276120129	2.3616512761201296	3.8565603845914467	3.8565603845914467	0	246	246	15.684387141358123	123.40993230692577	85.5426474689672	60.487786105956964	2	"[""UserWarning: Recommended repeat factor is at least 2."",""UserWarning: Recommended repeat factor is at least 2.""]"				
zhang_107_TW_110	107	generated	TW	110	18360	6120	12240	0.986567	155.0	0		/home/frenjc/projects/GBOpt/results/phase_a_geometry_audit/zhang_107_TW_110/structure.data	/home/frenjc/projects/GBOpt/results/phase_a_geometry_audit/zhang_107_TW_110/metadata.json	128032ecb28a5be60874afd95208d8be01e9277afb26857fdab81a2af40d96da	ok	[]	12	9	3.8565603845914325	3.8565603845914467	5.784840576887156	7.713120769182865	3.8565603845914325	0.0	0.0	3.856560384591429	3.856560384591446	5.784840576887162	7.713120769182876	3.8565603845914467	0.0	0.0	2.361651276120143	2.361651276120136	3.861283669135115	3.861283669135122	0	102	102	10.099504938362077	123.40993230692577	55.08269993382677	38.9493506492727	2	"[""UserWarning: Recommended repeat factor is at least 2."",""UserWarning: Recommended repeat factor is at least 2.""]"				
zhang_108_TW_110	108	generated	TW	110	29880	9960	19920	1.055322	160.0	0		/home/frenjc/projects/GBOpt/results/phase_a_geometry_audit/zhang_108_TW_110/structure.data	/home/frenjc/projects/GBOpt/results/phase_a_geometry_audit/zhang_108_TW_110/metadata.json	ecd4e4373d91e4667d9bd3812f45b02ae86499cc451ea39165f55305ff7b7189	ok	[]	15	11	3.8565603845914325	3.8565603845914396	5.784840576887156	7.713120769182858	3.8565603845914254	0.0	0.0	3.856560384591429	3.8565603845914453	5.784840576887161	7.7131207691828765	3.8565603845914476	0.0	0.0	2.361651276120135	2.36165127612013	3.8565603845914396	3.8565603845914396	0	166	166	12.884098726725126	123.40993230692577	70.26987445555883	49.688304740653	2	"[""UserWarning: Recommended repeat factor is at least 2."",""UserWarning: Recommended repeat factor is at least 2.""]"				
zhang_109_TW_110	109	generated	TW	110	11880	3960	7920	0.859163	155.0	0		/home/frenjc/projects/GBOpt/results/phase_a_geometry_audit/zhang_109_TW_110/structure.data	/home/frenjc/projects/GBOpt/results/phase_a_geometry_audit/zhang_109_TW_110/metadata.json	fed172f393641f06bf9158f7d220f22cf146865d9e8a6d890f774b32bdd2766b	ok	[]	10	7	3.8565603845914325	3.8565603845914467	5.784840576887156	7.713120769182865	3.8565603845914325	0.0	0.0	3.8565603845914307	3.856560384591446	5.784840576887161	7.713120769182876	3.856560384591445	0.0	0.0	2.3616512761201482	2.361651276120137	3.8565603845914467	3.856560384591454	0	66	66	8.12403840463596	123.40993230692577	44.308505458884525	31.330844674218408	2	"[""UserWarning: Recommended repeat factor is at least 2."",""UserWarning: Recommended repeat factor is at least 2.""]"				
zhang_110_TW_110	110	generated	TW	110	18360	6120	12240	0.959463	151.938	0		/home/frenjc/projects/GBOpt/results/phase_a_geometry_audit/zhang_110_TW_110/structure.data	/home/frenjc/projects/GBOpt/results/phase_a_geometry_audit/zhang_110_TW_110/metadata.json	067af2af50a63e0f8cd3b56822fbf416378cd9e1992d9c3b81668178d2b73203	ok	[]	12	9	3.8565603845914325	3.8565603845914467	5.784840576887156	7.713120769182865	3.8565603845914325	0.0	0.0	3.856560384591429	3.8565603845914453	5.78484057688716	7.7131207691828765	3.8565603845914476	0.0	0.0	2.3616512761201416	2.3616512761201367	3.856560384591454	3.856560384591454	0	102	102	10.099504938362077	123.40993230692577	55.08269993382677	38.9493506492727	2	"[""UserWarning: Recommended repeat factor is at least 2."",""UserWarning: Recommended repeat factor is at least 2.""]"				
zhang_111_TW_110	111	generated	TW	110	6840	2280	4560	0.845567	145.0	0		/home/frenjc/projects/GBOpt/results/phase_a_geometry_audit/zhang_111_TW_110/structure.data	/home/frenjc/projects/GBOpt/results/phase_a_geometry_audit/zhang_111_TW_110/metadata.json	a66a94adedaf3e546274ac5fc5fb826b9e435ac8119626e51a39cb224aae271a	ok	[]	8	6	3.8565603845914325	5.784840576887149	5.784840576887156	5.784840576887156	1.9282801922957233	0.0	0.0	3.856560384591443	5.784840576887152	5.784840576887162	5.784840576887163	1.9282801922957198	0.0	0.0	2.36165127612015	2.361651276120139	3.869225641622571	3.8692256416225783	0	38	38	6.164414002968976	123.40993230692577	33.620713972192796	23.773434838070834	2	"[""UserWarning: Recommended repeat factor is at least 2."",""UserWarning: Recommended repeat factor is at least 2.""]"				
zhang_112_TW_110	112	generated	TW	110	9720	3240	6480	0.915725	150.598	0		/home/frenjc/projects/GBOpt/results/phase_a_geometry_audit/zhang_112_TW_110/structure.data	/home/frenjc/projects/GBOpt/results/phase_a_geometry_audit/zhang_112_TW_110/metadata.json	c205acc6cc791de9d266252746d3801a0778bc939ef6b8cf9ceee34b11d7bd14	suspicious	"[""central_interface_heavy_gap_tail"",""periodic_interface_heavy_gap_tail""]"	9	7	3.8565603845914325	3.8565603845914467	7.713120769182865	7.713120769182865	3.8565603845914325	0.0	0.0	3.856560384591429	3.856560384591446	7.713120769182874	7.7131207691828765	3.8565603845914476	0.0	0.0	2.361651276120148	2.3616512761201376	3.8565603845914467	3.856560384591454	0	54	54	7.3484692283495345	123.40993230692577	40.07855117141836	28.33981531344197	2	"[""UserWarning: Recommended repeat factor is at least 2."",""UserWarning: Recommended repeat factor is at least 2.""]"				
zhang_113_TW_110	113	generated	TW	110	32040	10680	21360	1.054445	140.0	0		/home/frenjc/projects/GBOpt/results/phase_a_geometry_audit/zhang_113_TW_110/structure.data	/home/frenjc/projects/GBOpt/results/phase_a_geometry_audit/zhang_113_TW_110/metadata.json	d024da0b186a794896c76e0789d18f82728107381fc453a25693f692e1f193bf	ok	[]	16	11	3.8565603845914325	3.8565603845914396	5.784840576887156	7.713120769182865	3.8565603845914325	0.0	0.0	3.8565603845914227	3.8565603845914453	5.784840576887161	7.7131207691828765	3.856560384591454	0.0	0.0	2.3616512761201363	2.361651276120135	3.8565603845914325	3.8565603845914396	0	178	178	13.341664064126334	123.40993230692577	72.76543580574503	51.45293309423671	2	"[""UserWarning: Recommended repeat factor is at least 2."",""UserWarning: Recommended repeat factor is at least 2.""]"				
zhang_114_TW_110	114	generated	TW	110	6480	2160	4320	0.869785	146.879	0		/home/frenjc/projects/GBOpt/results/phase_a_geometry_audit/zhang_114_TW_110/structure.data	/home/frenjc/projects/GBOpt/results/phase_a_geometry_audit/zhang_114_TW_110/metadata.json	19c52fcecccf4969294b92d4e2536687929856c599c50f0e45b1c6b85e43c123	suspicious	"[""central_interface_heavy_gap_tail"",""periodic_interface_heavy_gap_tail""]"	5	7	3.8565603845914325	3.8565603845914396	6.363324634575863	7.713120769182865	3.8565603845914325	0.0	0.0	3.8565603845914307	3.856560384591446	6.363324634575865	7.713120769182876	3.856560384591445	0.0	0.0	2.3616512761201505	2.361651276120137	3.8565603845914396	3.856560384591454	0	18	18	4.242640687119285	123.40993230692577	23.139362307548577	32.724	4	"[""UserWarning: Recommended repeat factor is at least 2."",""UserWarning: Commensurate repeat pair in z multiplied by 2 to satisfy the minimum in-plane dimension cutoff of 22 A."",""UserWarning: Recommended repeat factor is at least 2."",""UserWarning: Commensurate repeat pair in z multiplied by 2 to satisfy the minimum in-plane dimension cutoff of 22 A.""]"				
zhang_115_TW_110	115	generated	TW	110	20520	6840	13680	1.050043	136.652	0		/home/frenjc/projects/GBOpt/results/phase_a_geometry_audit/zhang_115_TW_110/structure.data	/home/frenjc/projects/GBOpt/results/phase_a_geometry_audit/zhang_115_TW_110/metadata.json	3ffd99710454c0271836ab439e7428f7e9d74a15498a07838f2a0edc3b847dd4	ok	[]	13	9	3.8565603845914325	3.8565603845914467	5.784840576887156	7.713120769182865	3.8565603845914325	0.0	0.0	3.856560384591429	3.8565603845914453	5.784840576887161	7.7131207691828765	3.8565603845914476	0.0	0.0	2.36165127612014	2.361651276120136	3.8565603845914396	3.8565603845914396	0	114	114	10.677078252031311	123.40993230692577	58.23278478657877	41.17679700996667	2	"[""UserWarning: Recommended repeat factor is at least 2."",""UserWarning: Recommended repeat factor is at least 2.""]"				
zhang_116_TW_110	116	generated	TW	110	7920	2640	5280	0.869774	140.676	0		/home/frenjc/projects/GBOpt/results/phase_a_geometry_audit/zhang_116_TW_110/structure.data	/home/frenjc/projects/GBOpt/results/phase_a_geometry_audit/zhang_116_TW_110/metadata.json	927343cf868df318f2799f150522f27dda6416767e2afebed991a435a62a6841	ok	[]	6	8	3.8565603845914396	5.784840576887149	5.784840576887156	5.784840576887156	1.9282801922957162	0.0	0.0	3.856560384591431	5.784840576887147	5.784840576887162	5.784840576887162	1.9282801922957309	0.0	0.0	2.3616512761201496	2.361651276120139	3.8565603845914396	3.856560384591454	0	22	22	4.69041575982343	123.40993230692577	25.581527554076985	36.1777432131967	4	"[""UserWarning: Recommended repeat factor is at least 2."",""UserWarning: Commensurate repeat pair in z multiplied by 2 to satisfy the minimum in-plane dimension cutoff of 22 A."",""UserWarning: Recommended repeat factor is at least 2."",""UserWarning: Commensurate repeat pair in z multiplied by 2 to satisfy the minimum in-plane dimension cutoff of 22 A.""]"				
zhang_117_TW_110	117	generated	TW	110	14760	4920	9840	0.98247	145.0	0		/home/frenjc/projects/GBOpt/results/phase_a_geometry_audit/zhang_117_TW_110/structure.data	/home/frenjc/projects/GBOpt/results/phase_a_geometry_audit/zhang_117_TW_110/metadata.json	82bc75851ef9076361b8078dd53c15762e71a2ac714493776ede6f9f27ed0f3c	ok	[]	11	8	3.8565603845914325	3.8565603845914396	5.784840576887156	5.784840576887156	1.9282801922957233	0.0	0.0	3.8565603845914325	3.856560384591446	5.784840576887162	5.784840576887163	1.9282801922957304	0.0	0.0	2.3616512761201425	2.3616512761201376	3.8565603845914396	3.856560384591454	0	82	82	9.055385138137417	123.40993230692577	49.38807054340147	34.92263959095875	2	"[""UserWarning: Recommended repeat factor is at least 2."",""UserWarning: Recommended repeat factor is at least 2.""]"				
zhang_118_TW_110	118	generated	TW	110	11880	3960	7920	0.895676	155.0	0		/home/frenjc/projects/GBOpt/results/phase_a_geometry_audit/zhang_118_TW_110/structure.data	/home/frenjc/projects/GBOpt/results/phase_a_geometry_audit/zhang_118_TW_110/metadata.json	ca25ed62e65e2bb1f69204c117600f4e5199ea3315139c0ec68fa1e8b66f87fd	ok	[]	10	7	3.8565603845914325	3.8565603845914467	5.784840576887156	5.784840576887156	1.9282801922957233	0.0	0.0	3.856560384591429	3.856560384591446	5.784840576887159	5.784840576887161	1.9282801922957322	0.0	0.0	2.3616512761201434	2.361651276120138	3.8565603845914467	3.8565603845914396	0	66	66	8.12403840463596	123.40993230692577	44.308505458884525	31.330844674218408	2	"[""UserWarning: Recommended repeat factor is at least 2."",""UserWarning: Recommended repeat factor is at least 2.""]"				
zhang_119_TW_110	119	generated	TW	110	24120	8040	16080	1.054599	155.0	0		/home/frenjc/projects/GBOpt/results/phase_a_geometry_audit/zhang_119_TW_110/structure.data	/home/frenjc/projects/GBOpt/results/phase_a_geometry_audit/zhang_119_TW_110/metadata.json	06cf7a0255d850e5262df4a5b9e49a6bde50068eaab63a1b01c119fcf97157fd	ok	[]	14	10	3.8565603845914325	3.8565603845914467	5.784840576887156	5.784840576887156	1.9282801922957233	0.0	0.0	3.856560384591429	3.8565603845914453	5.78484057688716	5.784840576887165	1.9282801922957358	0.0	0.0	2.3616512761201394	2.3616512761201327	3.8565603845914396	3.856560384591454	0	134	134	11.575836902790225	123.40993230692577	63.13461446781789	44.64291401779234	2	"[""UserWarning: Recommended repeat factor is at least 2."",""UserWarning: Recommended repeat factor is at least 2.""]"				
zhang_120_TW_110	120	generated	TW	110	6480	2160	4320	0.845628	155.0	0		/home/frenjc/projects/GBOpt/results/phase_a_geometry_audit/zhang_120_TW_110/structure.data	/home/frenjc/projects/GBOpt/results/phase_a_geometry_audit/zhang_120_TW_110/metadata.json	e0d8177ab464445d3ed11c58ad9297d90ef70bc61cc7e15e7b5247e7f8149026	ok	[]	6	7	3.8565603845914325	5.784840576887145	7.713120769182858	7.713120769182865	3.8565603845914325	0.0	0.0	3.856560384591443	5.784840576887152	7.713120769182873	7.713120769182876	3.8565603845914325	0.0	0.0	2.3616512761201456	2.361651276120139	3.9360854602002844	3.9360854602002964	0	6	6	2.449489742783178	123.40993230692577	26.7190341142789	28.339815313441967	6	"[""UserWarning: Recommended repeat factor is at least 2."",""UserWarning: Commensurate repeat pair in y multiplied by 2 to satisfy the minimum in-plane dimension cutoff of 22 A."",""UserWarning: Commensurate repeat pair in z multiplied by 3 to satisfy the minimum in-plane dimension cutoff of 22 A."",""UserWarning: Recommended repeat factor is at least 2."",""UserWarning: Commensurate repeat pair in y multiplied by 2 to satisfy the minimum in-plane dimension cutoff of 22 A."",""UserWarning: Commensurate repeat pair in z multiplied by 3 to satisfy the minimum in-plane dimension cutoff of 22 A.""]"				
zhang_121_TW_110	121	generated	TW	110	15480	5160	10320	0.933296	155.0	0		/home/frenjc/projects/GBOpt/results/phase_a_geometry_audit/zhang_121_TW_110/structure.data	/home/frenjc/projects/GBOpt/results/phase_a_geometry_audit/zhang_121_TW_110/metadata.json	261101290a55f10f26775d499d5c3a9d2b0d5494e2a3781f8ef2428d4b6b0664	ok	[]	11	8	3.8565603845914325	3.8565603845914467	5.784840576887156	7.713120769182858	3.8565603845914254	0.0	0.0	3.856560384591428	3.8565603845914453	5.784840576887159	7.71312076918286	3.8565603845914316	0.0	0.0	2.361651276120142	2.361651276120134	3.8565603845914467	3.8565603845914396	0	86	86	9.273618495495704	123.40993230692577	50.578315274433564	35.76426971154311	2	"[""UserWarning: Recommended repeat factor is at least 2."",""UserWarning: Recommended repeat factor is at least 2.""]"				
zhang_122_TW_110	122	generated	TW	110	6120	2040	4080	0.848717	145.0	0		/home/frenjc/projects/GBOpt/results/phase_a_geometry_audit/zhang_122_TW_110/structure.data	/home/frenjc/projects/GBOpt/results/phase_a_geometry_audit/zhang_122_TW_110/metadata.json	1e51ed8699a43b8601d474f76c592b65a114dfdfbaa50e3aa1eede74e117b05b	ok	[]	7	5	3.8565603845914396	3.8565603845914467	5.784840576887156	7.713120769182865	3.8565603845914254	0.0	0.0	3.856560384591431	3.856560384591446	5.78484057688716	7.713120769182861	3.8565603845914302	0.0	0.0	2.361651276120142	2.3616512761201376	3.8565603845914396	3.856560384591454	0	34	34	5.830951894845301	123.40993230692577	31.80201163448627	22.48741808211872	2	"[""UserWarning: Recommended repeat factor is at least 2."",""UserWarning: Recommended repeat factor is at least 2.""]"				
zhang_123_MX_110	123	generated	MX	110	10548	3516	7032	0.95646	155.449	0		/home/frenjc/projects/GBOpt/results/phase_a_geometry_audit/zhang_123_MX_110/structure.data	/home/frenjc/projects/GBOpt/results/phase_a_geometry_audit/zhang_123_MX_110/metadata.json	98d6fb5f2249af343f89ab33d8ee28ccb70d3c5be33d3f44d0f790e4c5d8d832	suspicious	"[""central_interface_large_gap_range"",""central_interface_heavy_gap_tail"",""periodic_interface_large_gap_range""]"	7	6	1.7092377060298816	3.6515532810638405	8.763727874553203	9.478500006165703	7.769262300135821	0.0	0.0	0.7769262300135741	4.350786888076067	6.518411069813975	6.992336070122245	6.215409840108671	0.0	0.0	2.361651276120136	2.361651276120125	2.361651276120164	2.877775028322449	0	231	231	8.774964387392123	191.43462307534654	31.330844674218408	24.99336784028915	2	"[""UserWarning: Recommended repeat factor is at least 2."",""UserWarning: Recommended repeat factor is at least 2.""]"				
zhang_124_MX_110	124	generated	MX	110	6924	2308	4616	0.971288	146.848	0		/home/frenjc/projects/GBOpt/results/phase_a_geometry_audit/zhang_124_MX_110/structure.data	/home/frenjc/projects/GBOpt/results/phase_a_geometry_audit/zhang_124_MX_110/metadata.json	2d92ed84041c5f76277a16def9d761371c595eda999dc03e3b10dfaacffd53d3	suspicious	"[""central_interface_large_gap_range"",""central_interface_heavy_gap_tail"",""periodic_interface_large_gap_range"",""periodic_interface_heavy_gap_tail""]"	5	5	0.46767664168361023	5.144443058519826	8.948213077546614	10.288886117039652	9.821209475356042	0.0	0.0	1.5589221389454366	4.832658630730778	8.387001107526313	10.44477833093425	8.885856191988813	0.0	0.0	2.361651276120144	2.3616512761201203	2.2265861761898997	2.3616512761202064	0	306	34	17.4928556845359	190.81206980691763	23.13936230754858	22.48741808211872	2	"[""UserWarning: Recommended repeat factor is at least 2."",""UserWarning: Recommended repeat factor is at least 2.""]"				
zhang_125_MX_110	125	generated	MX	110	7236	2412	4824	0.823791	155.582	0		/home/frenjc/projects/GBOpt/results/phase_a_geometry_audit/zhang_125_MX_110/structure.data	/home/frenjc/projects/GBOpt/results/phase_a_geometry_audit/zhang_125_MX_110/metadata.json	90e1dd8ed6b75dddd2c79d2dba17a31a0de4e4bdc75cb3be18f0e91dc3fdd2db	suspicious	"[""central_interface_large_gap_range"",""central_interface_heavy_gap_tail"",""periodic_interface_large_gap_range"",""periodic_interface_heavy_gap_tail"",""central_interface_severe_overlap""]"	7	5	0.3710976960316401	4.453172352379809	7.162185533410881	8.164149312696338	7.793051616664698	0.0	0.0	2.5976838722215203	7.050856224601344	9.871198714441906	10.761833184917858	8.164149312696338	0.0	0.0	2.3616512761201442	2.3616512761201247	0.7872170920400537	3.245779220772691	0	162	6	7.3484692283495345	160.31420468567342	28.339815313441967	23.13936230754858	2	"[""UserWarning: Recommended repeat factor is at least 2."",""UserWarning: Recommended repeat factor is at least 2.""]"				
zhang_126_MX_110	126	generated	MX	110	10764	3588	7176	0.887445	150.0	0		/home/frenjc/projects/GBOpt/results/phase_a_geometry_audit/zhang_126_MX_110/structure.data	/home/frenjc/projects/GBOpt/results/phase_a_geometry_audit/zhang_126_MX_110/metadata.json	08aa5f79bf5ff42465414cb9b1cd6542acc0feda4fbaf03f1f004575a52f11df	suspicious	"[""central_interface_large_gap_range"",""central_interface_heavy_gap_tail"",""periodic_interface_large_gap_range"",""periodic_interface_heavy_gap_tail""]"	11	5	1.0712667734976264	4.499320448690014	8.120202143111955	9.855654316178104	8.784387542680477	0.0	0.0	1.7140268375961534	5.999093931586644	8.420156839691249	10.284161025577134	8.570134187980981	0.0	0.0	2.3616512761201447	2.361651276120133	2.226586176189905	2.3616512761201247	0	486	18	12.727922061357855	138.83617384529146	49.086	23.13936230754858	2	"[""UserWarning: Recommended repeat factor is at least 2."",""UserWarning: Recommended repeat factor is at least 2.""]"				
zhang_127_MX_110	127	generated	MX	110	36588	12196	24392	1.226702	160.0	0		/home/frenjc/projects/GBOpt/results/phase_a_geometry_audit/zhang_127_MX_110/structure.data	/home/frenjc/projects/GBOpt/results/phase_a_geometry_audit/zhang_127_MX_110/metadata.json	f4baee74dab60b22d95e13c683b77a179e0668916b6d1d8a5edb13d5de6b897b	suspicious	"[""central_interface_large_gap_range"",""central_interface_heavy_gap_tail"",""periodic_interface_large_gap_range"",""periodic_interface_heavy_gap_tail""]"	9	7	1.2404000189037845	5.650711197228446	9.833615705420678	10.198844599875713	8.958444580971928	0.0	0.0	2.0673333648396364	4.61704451480861	8.05570901165861	9.785377926907737	7.7180445620681	0.0	0.0	2.3616512761201225	2.3616512761200648	2.3616512761201482	2.3616512761201123	0	1566	174	39.57271787481876	431.65920657852297	40.078551171418354	29.37068885811158	2	"[""UserWarning: Recommended repeat factor is at least 2."",""UserWarning: Recommended repeat factor is at least 2.""]"				
zhang_128_MX_110	128	generated	MX	110	18288	6096	12192	0.986463	145.0	0		/home/frenjc/projects/GBOpt/results/phase_a_geometry_audit/zhang_128_MX_110/structure.data	/home/frenjc/projects/GBOpt/results/phase_a_geometry_audit/zhang_128_MX_110/metadata.json	0b015425cfbe5c99884bfcc0f502a75e3455898c07d8e7f11622367f3d3bddd5	suspicious	"[""central_interface_large_gap_range"",""central_interface_heavy_gap_tail"",""periodic_interface_large_gap_range"",""periodic_interface_heavy_gap_tail""]"	9	8	1.327679479392529	4.48091824294977	8.024162853578568	9.29375635574766	7.966076876355132	0.0	0.0	1.991519219088786	4.812838112797898	7.509687055313965	8.629916616051377	6.63839739696259	0.0	0.0	2.361651276120141	2.361651276120122	2.2265861761898993	2.3616512761201687	0	810	30	16.431676725154983	179.23672971799056	40.078551171418354	36.58654424785156	2	"[""UserWarning: Recommended repeat factor is at least 2."",""UserWarning: Recommended repeat factor is at least 2.""]"				
zhang_129_MX_110	129	generated	MX	110	9720	3240	6480	0.902666	145.0	0		/home/frenjc/projects/GBOpt/results/phase_a_geometry_audit/zhang_129_MX_110/structure.data	/home/frenjc/projects/GBOpt/results/phase_a_geometry_audit/zhang_129_MX_110/metadata.json	57d74a011cf187c65df64ebc8c4878116e5719aacb436814236db2ef7b51fb2f	suspicious	"[""central_interface_large_gap_range"",""central_interface_heavy_gap_tail"",""periodic_interface_large_gap_range"",""periodic_interface_heavy_gap_tail""]"	8	7	3.048878687320965	5.4879816371777395	8.689304258864745	9.756411799427092	6.707533112106127	0.0	0.0	4.268430162249352	6.7075331121061295	9.908855733793136	10.366187536891278	6.097757374641926	0.0	0.0	2.36165127612015	2.361651276120153	3.24577922077272	4.522217901649591	0	45	5	6.708203932499369	121.95514749283853	36.58654424785156	32.724	4	"[""UserWarning: Recommended repeat factor is at least 2."",""UserWarning: Commensurate repeat pair in z multiplied by 2 to satisfy the minimum in-plane dimension cutoff of 22 A."",""UserWarning: Recommended repeat factor is at least 2."",""UserWarning: Commensurate repeat pair in z multiplied by 2 to satisfy the minimum in-plane dimension cutoff of 22 A.""]"				
zhang_130_MX_110	130	generated	MX	110	7200	2400	4800	0.922252	135.0	0		/home/frenjc/projects/GBOpt/results/phase_a_geometry_audit/zhang_130_MX_110/structure.data	/home/frenjc/projects/GBOpt/results/phase_a_geometry_audit/zhang_130_MX_110/metadata.json	15125d243f4adaf835396b0881f7c0acc798dbe73ca776af26231943c69df3eb	suspicious	"[""central_interface_large_gap_range"",""central_interface_heavy_gap_tail"",""periodic_interface_large_gap_range"",""periodic_interface_heavy_gap_tail""]"	7	5	1.1132930880949488	4.824270048411464	7.64461253825202	9.648540096822941	8.535247008727993	0.0	0.0	2.2265861761898686	6.679758528569686	10.24229641047355	11.132930880949502	8.906344704759633	0.0	0.0	2.361651276120147	2.3616512761201234	2.3616512761201562	2.3616512761201287	0	162	6	7.3484692283495345	160.31420468567342	28.339815313441967	23.13936230754858	2	"[""UserWarning: Recommended repeat factor is at least 2."",""UserWarning: Recommended repeat factor is at least 2.""]"				
zhang_131_MX_110	131	generated	MX	110	4752	1584	3168	0.884092	145.602	0		/home/frenjc/projects/GBOpt/results/phase_a_geometry_audit/zhang_131_MX_110/structure.data	/home/frenjc/projects/GBOpt/results/phase_a_geometry_audit/zhang_131_MX_110/metadata.json	76597bc8c42d339bfc0409567c7d28da20c1257031f62dd61fe6d423e76895a5	suspicious	"[""central_interface_large_gap_range"",""central_interface_heavy_gap_tail"",""periodic_interface_large_gap_range"",""periodic_interface_heavy_gap_tail""]"	5	5	0.4544999999999959	4.090500000000006	7.635599999999999	8.6355	8.181000000000004	0.0	0.0	0.4544999999999958	4.090500000000016	7.635599999999998	8.63549999999999	8.180999999999994	0.0	0.0	2.361651276120144	2.3616512761201434	2.3616512761201602	2.3616512761201705	0	18	18	4.242640687119285	130.896	23.13936230754858	23.13936230754858	2	"[""UserWarning: Recommended repeat factor is at least 2."",""UserWarning: Recommended repeat factor is at least 2.""]"				
zhang_132_MX_110	132	generated	MX	110	7272	2424	4848	0.821387	155.473	0		/home/frenjc/projects/GBOpt/results/phase_a_geometry_audit/zhang_132_MX_110/structure.data	/home/frenjc/projects/GBOpt/results/phase_a_geometry_audit/zhang_132_MX_110/metadata.json	31e77eceb3cbb5e74a5b3dd29e04d8359c8d79f1493f6102ba2c16ec2aa02669	suspicious	"[""central_interface_large_gap_range"",""central_interface_heavy_gap_tail"",""periodic_interface_large_gap_range"",""periodic_interface_heavy_gap_tail""]"	7	5	0.6427600640985389	3.856560384591404	6.427600640985692	7.070360705084269	6.42760064098573	0.0	0.0	1.9282801922956883	4.499320448690003	7.263188724313861	8.998640897380007	7.070360705084319	0.0	0.0	2.3616512761201505	2.3616512761201327	1.5074059672165037	2.3616512761201385	0	18	18	4.242640687119285	138.83617384529146	32.724	23.13936230754858	4	"[""UserWarning: Recommended repeat factor is at least 2."",""UserWarning: Commensurate repeat pair in y multiplied by 2 to satisfy the minimum in-plane dimension cutoff of 22 A."",""UserWarning: Recommended repeat factor is at least 2."",""UserWarning: Commensurate repeat pair in y multiplied by 2 to satisfy the minimum in-plane dimension cutoff of 22 A.""]"				
zhang_133_MX_110	133	generated	MX	110	11856	3952	7904	0.931653	151.902	0		/home/frenjc/projects/GBOpt/results/phase_a_geometry_audit/zhang_133_MX_110/structure.data	/home/frenjc/projects/GBOpt/results/phase_a_geometry_audit/zhang_133_MX_110/metadata.json	da4937f75f590ed5f967cc6fecd41211168a918d97edb5a5c045ed6f73bcd0d9	suspicious	"[""central_interface_large_gap_range"",""central_interface_heavy_gap_tail"",""periodic_interface_large_gap_range"",""periodic_interface_heavy_gap_tail""]"	8	6	2.014022975403833	5.874233678261199	9.734444381118564	10.741455868820495	8.727432893416662	0.0	0.0	2.0140229754038326	5.706398430310905	8.391762397516022	9.73444438111858	7.720421405714747	0.0	0.0	2.3616512761201385	2.3616512761201283	2.0555535916588936	2.0555535916589207	0	66	66	8.12403840463596	177.2340218355381	36.1777432131967	26.7190341142789	6	"[""UserWarning: Recommended repeat factor is at least 2."",""UserWarning: Commensurate repeat pair in y multiplied by 2 to satisfy the minimum in-plane dimension cutoff of 22 A."",""UserWarning: Commensurate repeat pair in z multiplied by 2 to satisfy the minimum in-plane dimension cutoff of 22 A."",""UserWarning: Recommended repeat factor is at least 2."",""UserWarning: Commensurate repeat pair in y multiplied by 2 to satisfy the minimum in-plane dimension cutoff of 22 A."",""UserWarning: Commensurate repeat pair in z multiplied by 2 to satisfy the minimum in-plane dimension cutoff of 22 A.""]"				
zhang_134_MX_110	134	generated	MX	110	11856	3952	7904	0.925505	150.0	0		/home/frenjc/projects/GBOpt/results/phase_a_geometry_audit/zhang_134_MX_110/structure.data	/home/frenjc/projects/GBOpt/results/phase_a_geometry_audit/zhang_134_MX_110/metadata.json	b66081806e2fec8b4f3f58afdf5b55fa6fbc4fb896624d0a7929045a04c0cc05	suspicious	"[""central_interface_large_gap_range"",""central_interface_heavy_gap_tail"",""periodic_interface_large_gap_range""]"	8	6	2.014022975403833	5.538563182360562	8.05609190161536	8.056091901615375	6.042068926211542	0.0	0.0	1.342681983602574	5.370727934410242	7.384750909814107	7.720421405714747	6.377739422112173	0.0	0.0	2.3616512761201385	2.3616512761201283	2.3616512761201474	2.361651276120152	0	66	66	8.12403840463596	177.2340218355381	36.1777432131967	26.7190341142789	6	"[""UserWarning: Recommended repeat factor is at least 2."",""UserWarning: Commensurate repeat pair in y multiplied by 2 to satisfy the minimum in-plane dimension cutoff of 22 A."",""UserWarning: Commensurate repeat pair in z multiplied by 2 to satisfy the minimum in-plane dimension cutoff of 22 A."",""UserWarning: Recommended repeat factor is at least 2."",""UserWarning: Commensurate repeat pair in y multiplied by 2 to satisfy the minimum in-plane dimension cutoff of 22 A."",""UserWarning: Commensurate repeat pair in z multiplied by 2 to satisfy the minimum in-plane dimension cutoff of 22 A.""]"				
zhang_135_MX_110	135	generated	MX	110	11232	3744	7488	0.878638	156.844	0		/home/frenjc/projects/GBOpt/results/phase_a_geometry_audit/zhang_135_MX_110/structure.data	/home/frenjc/projects/GBOpt/results/phase_a_geometry_audit/zhang_135_MX_110/metadata.json	11c02fcf039207c91216e9ab112404c96f2d5b7d2927aaab29394dc9618a90b6	suspicious	"[""central_interface_large_gap_range"",""central_interface_heavy_gap_tail"",""periodic_interface_large_gap_range"",""periodic_interface_heavy_gap_tail""]"	9	6	1.4877004666838616	4.463101400051627	6.843422146745837	7.140962240082601	5.653261773398739	0.0	0.0	0.8926202800103056	5.0581815867251585	9.223742893440017	9.223742893440047	8.331122613429741	0.0	0.0	2.3616512761201394	2.3616512761201407	2.3616512761201505	2.361651276120129	0	42	42	4.58257569495584	149.9602070417349	40.81399877493015	26.7190341142789	6	"[""UserWarning: Recommended repeat factor is at least 2."",""UserWarning: Commensurate repeat pair in y multiplied by 2 to satisfy the minimum in-plane dimension cutoff of 22 A."",""UserWarning: Commensurate repeat pair in z multiplied by 2 to satisfy the minimum in-plane dimension cutoff of 22 A."",""UserWarning: Recommended repeat factor is at least 2."",""UserWarning: Commensurate repeat pair in y multiplied by 2 to satisfy the minimum in-plane dimension cutoff of 22 A."",""UserWarning: Commensurate repeat pair in z multiplied by 2 to satisfy the minimum in-plane dimension cutoff of 22 A.""]"				
zhang_136_MX_110	136	generated	MX	110	5544	1848	3696	0.89001	140.0	0		/home/frenjc/projects/GBOpt/results/phase_a_geometry_audit/zhang_136_MX_110/structure.data	/home/frenjc/projects/GBOpt/results/phase_a_geometry_audit/zhang_136_MX_110/metadata.json	612b71ead29a045ccba5af588ce4a99787fa039ae0853f1265b1279b82a9defc	suspicious	"[""central_interface_heavy_gap_tail"",""periodic_interface_large_gap_range"",""periodic_interface_heavy_gap_tail""]"	6	6	2.186464220085533	4.008517736823492	6.559392660256627	6.559392660256627	4.372928440171094	0.0	0.0	2.1864642200855253	4.372928440171074	7.288214066951805	7.288214066951806	5.10174984686628	0.0	0.0	2.361651276120152	2.3616512761201447	1.574434184080096	2.3616512761201482	0	42	42	4.58257569495584	122.44199632479044	24.99336784028915	26.7190341142789	4	"[""UserWarning: Recommended repeat factor is at least 2."",""UserWarning: Commensurate repeat pair in z multiplied by 2 to satisfy the minimum in-plane dimension cutoff of 22 A."",""UserWarning: Recommended repeat factor is at least 2."",""UserWarning: Commensurate repeat pair in z multiplied by 2 to satisfy the minimum in-plane dimension cutoff of 22 A.""]"				
zhang_137_MX_110	137	generated	MX	110	7128	2376	4752	0.910738	145.0	0		/home/frenjc/projects/GBOpt/results/phase_a_geometry_audit/zhang_137_MX_110/structure.data	/home/frenjc/projects/GBOpt/results/phase_a_geometry_audit/zhang_137_MX_110/metadata.json	bb81e9095ebd00d22ea532b8a4739193cef2f519a39122ee66ae23f1d4273dfd	suspicious	"[""central_interface_large_gap_range"",""periodic_interface_large_gap_range"",""periodic_interface_heavy_gap_tail""]"	7	5	2.2265861761899117	5.195367744443132	7.5332832294425245	7.793051616664684	5.566465440474772	0.0	0.0	2.2265861761898686	7.050856224601346	10.836052724124176	11.875126273012832	9.648540096822963	0.0	0.0	2.361651276120143	2.3616512761201234	2.361651276120162	2.3616512761201287	0	54	6	7.3484692283495345	160.31420468567342	28.339815313441967	23.13936230754858	4	"[""UserWarning: Recommended repeat factor is at least 2."",""UserWarning: Commensurate repeat pair in z multiplied by 3 to satisfy the minimum in-plane dimension cutoff of 22 A."",""UserWarning: Recommended repeat factor is at least 2."",""UserWarning: Commensurate repeat pair in z multiplied by 3 to satisfy the minimum in-plane dimension cutoff of 22 A.""]"				
zhang_138_MX_110	138	generated	MX	110	7968	2656	5312	0.904154	155.0	0		/home/frenjc/projects/GBOpt/results/phase_a_geometry_audit/zhang_138_MX_110/structure.data	/home/frenjc/projects/GBOpt/results/phase_a_geometry_audit/zhang_138_MX_110/metadata.json	85b3b844db1174a96c54e308a8eccd3dacb5ced58976e687cd1501e46a782b22	suspicious	"[""central_interface_large_gap_range"",""central_interface_heavy_gap_tail"",""periodic_interface_large_gap_range"",""periodic_interface_heavy_gap_tail""]"	7	6	1.422810054083115	4.166800872671985	7.114050270415575	8.33360174534397	6.9107916912608545	0.0	0.0	1.8293272123926267	6.707533112106157	9.756411799427122	9.959670378581851	8.130343166189224	0.0	0.0	2.361651276120138	2.3616512761201505	2.3616512761201514	2.3616512761202015	0	45	5	6.708203932499369	146.34617699140625	32.724	24.391029498567708	6	"[""UserWarning: Recommended repeat factor is at least 2."",""UserWarning: Commensurate repeat pair in y multiplied by 2 to satisfy the minimum in-plane dimension cutoff of 22 A."",""UserWarning: Commensurate repeat pair in z multiplied by 2 to satisfy the minimum in-plane dimension cutoff of 22 A."",""UserWarning: Recommended repeat factor is at least 2."",""UserWarning: Commensurate repeat pair in y multiplied by 2 to satisfy the minimum in-plane dimension cutoff of 22 A."",""UserWarning: Commensurate repeat pair in z multiplied by 2 to satisfy the minimum in-plane dimension cutoff of 22 A.""]"				
zhang_139_MX_110	139	generated	MX	110	7968	2656	5312	0.850717	146.145	0		/home/frenjc/projects/GBOpt/results/phase_a_geometry_audit/zhang_139_MX_110/structure.data	/home/frenjc/projects/GBOpt/results/phase_a_geometry_audit/zhang_139_MX_110/metadata.json	cc7ccf3c93459bd09429389aebf8301e4019c0e32d236639f3a3a81d7a2f03e5	suspicious	"[""central_interface_large_gap_range"",""central_interface_heavy_gap_tail"",""periodic_interface_large_gap_range"",""periodic_interface_heavy_gap_tail""]"	7	6	1.219551474928366	4.065171583094617	8.740118903653425	9.55315322027235	8.333601745343984	0.0	0.0	1.4228100540831004	5.89449879548719	8.740118903653418	9.553153220272335	8.130343166189235	0.0	0.0	2.361651276120138	2.361651276120135	2.3616512761201514	2.361651276120156	0	45	45	6.708203932499369	146.34617699140622	32.724	24.391029498567708	6	"[""UserWarning: Recommended repeat factor is at least 2."",""UserWarning: Commensurate repeat pair in y multiplied by 2 to satisfy the minimum in-plane dimension cutoff of 22 A."",""UserWarning: Commensurate repeat pair in z multiplied by 2 to satisfy the minimum in-plane dimension cutoff of 22 A."",""UserWarning: Recommended repeat factor is at least 2."",""UserWarning: Commensurate repeat pair in y multiplied by 2 to satisfy the minimum in-plane dimension cutoff of 22 A."",""UserWarning: Commensurate repeat pair in z multiplied by 2 to satisfy the minimum in-plane dimension cutoff of 22 A.""]"				
zhang_140_ST_111	140	generated	ST	111	30456	10152	20304	1.17063	162.477	0		/home/frenjc/projects/GBOpt/results/phase_a_geometry_audit/zhang_140_ST_111/structure.data	/home/frenjc/projects/GBOpt/results/phase_a_geometry_audit/zhang_140_ST_111/metadata.json	db885a3dc7d77bd5f60d5c784de3a8a4c8b00c42dc73b998bce76b2346fcddd9	suspicious	"[""central_interface_large_gap_range"",""central_interface_heavy_gap_tail"",""periodic_interface_large_gap_range"",""periodic_interface_heavy_gap_tail"",""central_interface_severe_overlap"",""periodic_interface_severe_overlap""]"	18	7	0.6340146217087721	4.438102351961533	7.52892363279188	9.510219325631837	8.876204703923065	0.0	0.0	0.6340146217087608	4.438102351961547	7.528923632791863	9.510219325631848	8.876204703923086	0.0	0.0	2.361651276120131	2.3616512761201216	1.0107844926296203	1.0107844926296192	0	222	222	14.89966442575134	187.66832802580194	81.2627697780478	28.339815313441967	4	"[""UserWarning: Recommended repeat factor is at least 2."",""UserWarning: Commensurate repeat pair in z multiplied by 3 to satisfy the minimum in-plane dimension cutoff of 22 A."",""UserWarning: Recommended repeat factor is at least 2."",""UserWarning: Commensurate repeat pair in z multiplied by 3 to satisfy the minimum in-plane dimension cutoff of 22 A.""]"				
zhang_141_ST_111	141	generated	ST	111	15336	5112	10224	0.942008	146.539	0		/home/frenjc/projects/GBOpt/results/phase_a_geometry_audit/zhang_141_ST_111/structure.data	/home/frenjc/projects/GBOpt/results/phase_a_geometry_audit/zhang_141_ST_111/metadata.json	8abf7bdff34b2cb4c78d3ab99257aead83f0e1b3421f66f0fcb49196fdef1006	suspicious	"[""central_interface_large_gap_range"",""central_interface_heavy_gap_tail"",""periodic_interface_large_gap_range"",""periodic_interface_heavy_gap_tail""]"	13	7	0.8847556308471667	4.866155969659474	7.9628006776246	10.617067570166135	9.732311939318969	0.0	0.0	0.8847556308471451	4.866155969659468	7.96280067762461	10.61706757016616	9.732311939319015	0.0	0.0	2.3616512761201385	2.3616512761201287	1.1842733114934954	1.1842733114934945	0	114	114	10.677078252031311	134.48285588877118	58.23278478657877	28.339815313441967	4	"[""UserWarning: Recommended repeat factor is at least 2."",""UserWarning: Commensurate repeat pair in z multiplied by 3 to satisfy the minimum in-plane dimension cutoff of 22 A."",""UserWarning: Recommended repeat factor is at least 2."",""UserWarning: Commensurate repeat pair in z multiplied by 3 to satisfy the minimum in-plane dimension cutoff of 22 A.""]"				
zhang_142_ST_111	142	generated	ST	111	12600	4200	8400	0.909774	145.0	0		/home/frenjc/projects/GBOpt/results/phase_a_geometry_audit/zhang_142_ST_111/structure.data	/home/frenjc/projects/GBOpt/results/phase_a_geometry_audit/zhang_142_ST_111/metadata.json	801663853c5b6c119b0b0ec22d5820db84122f54ac2fcae6b0478c0c849a17e7	suspicious	"[""central_interface_large_gap_range"",""central_interface_heavy_gap_tail"",""periodic_interface_large_gap_range"",""periodic_interface_heavy_gap_tail"",""central_interface_severe_overlap"",""periodic_interface_severe_overlap""]"	10	7	0.3999066826632145	4.598926850627137	8.398040335927831	9.797713725249139	9.397807042585924	0.0	0.0	0.399906682663207	4.5989268506271275	8.398040335927828	9.79771372524915	9.397807042585942	0.0	0.0	2.361651276120144	2.3616512761201336	0.882970047532024	0.8829700475320196	0	186	186	13.638181696985855	148.7652859507217	42.944838944860415	28.339815313441967	4	"[""UserWarning: Recommended repeat factor is at least 2."",""UserWarning: Commensurate repeat pair in z multiplied by 3 to satisfy the minimum in-plane dimension cutoff of 22 A."",""UserWarning: Recommended repeat factor is at least 2."",""UserWarning: Commensurate repeat pair in z multiplied by 3 to satisfy the minimum in-plane dimension cutoff of 22 A.""]"				
zhang_143_ST_111	143	generated	ST	111	8424	2808	5616	0.863325	155.0	0		/home/frenjc/projects/GBOpt/results/phase_a_geometry_audit/zhang_143_ST_111/structure.data	/home/frenjc/projects/GBOpt/results/phase_a_geometry_audit/zhang_143_ST_111/metadata.json	cf0a0a868ec27cb75f448af6c2f4615355f989a004f1dbbeaf929dc1778bf8df	suspicious	"[""central_interface_large_gap_range"",""central_interface_heavy_gap_tail"",""periodic_interface_large_gap_range"",""periodic_interface_heavy_gap_tail""]"	8	7	1.4576428133903434	5.101749846866252	8.017035473646974	8.745856880342174	7.288214066951831	0.0	0.0	1.457642813390355	5.101749846866254	8.017035473646988	8.745856880342167	7.288214066951812	0.0	0.0	2.3616512761201456	2.3616512761201447	1.6566331281936058	1.6566331281936075	0	42	42	6.48074069840786	122.44199632479044	35.34595976911647	28.339815313441967	4	"[""UserWarning: Recommended repeat factor is at least 2."",""UserWarning: Commensurate repeat pair in z multiplied by 3 to satisfy the minimum in-plane dimension cutoff of 22 A."",""UserWarning: Recommended repeat factor is at least 2."",""UserWarning: Commensurate repeat pair in z multiplied by 3 to satisfy the minimum in-plane dimension cutoff of 22 A.""]"				
zhang_144_ST_111	144	generated	ST	111	10728	3576	7152	0.858957	150.0	0		/home/frenjc/projects/GBOpt/results/phase_a_geometry_audit/zhang_144_ST_111/structure.data	/home/frenjc/projects/GBOpt/results/phase_a_geometry_audit/zhang_144_ST_111/metadata.json	3a9bb72a726e8416aa4b7dc49395d4569e2a66b11f87103d49df24488b08b8fe	suspicious	"[""central_interface_large_gap_range"",""central_interface_heavy_gap_tail"",""periodic_interface_large_gap_range"",""periodic_interface_heavy_gap_tail""]"	6	7	0.617543894422468	4.322807260957248	7.070877591137207	9.26315841633695	8.645614521914482	0.0	0.0	0.6175438944224863	4.322807260957235	7.070877591137183	9.263158416336957	8.64561452191447	0.0	0.0	2.361651276120137	2.361651276120128	1.691213606123863	1.6912136061238678	0	78	78	8.831760866327848	192.67369505980832	27.810052427135044	28.339815313441967	4	"[""UserWarning: Recommended repeat factor is at least 2."",""UserWarning: Commensurate repeat pair in z multiplied by 3 to satisfy the minimum in-plane dimension cutoff of 22 A."",""UserWarning: Recommended repeat factor is at least 2."",""UserWarning: Commensurate repeat pair in z multiplied by 3 to satisfy the minimum in-plane dimension cutoff of 22 A.""]"				
zhang_145_ST_111	145	generated	ST	111	15984	5328	10656	1.067446	145.039	0		/home/frenjc/projects/GBOpt/results/phase_a_geometry_audit/zhang_145_ST_111/structure.data	/home/frenjc/projects/GBOpt/results/phase_a_geometry_audit/zhang_145_ST_111/metadata.json	498a2705a7c7ab2f8e8907549db505a8fabdd8015a691b759f5d3d776d9c0ad5	suspicious	"[""central_interface_large_gap_range"",""central_interface_heavy_gap_tail"",""periodic_interface_large_gap_range"",""periodic_interface_heavy_gap_tail""]"	11	7	2.139234802087273	4.278469604174603	7.487321807305565	9.626556609392878	7.487321807305605	0.0	0.0	2.139234802087298	4.278469604174626	7.487321807305588	9.62655660939286	7.4873218073055625	0.0	0.0	2.3616512761201363	2.361651276120131	2.279481583268758	2.279481583268757	0	78	78	8.831760866327848	166.86031456281026	48.16842376495208	28.339815313441967	4	"[""UserWarning: Recommended repeat factor is at least 2."",""UserWarning: Commensurate repeat pair in z multiplied by 3 to satisfy the minimum in-plane dimension cutoff of 22 A."",""UserWarning: Recommended repeat factor is at least 2."",""UserWarning: Commensurate repeat pair in z multiplied by 3 to satisfy the minimum in-plane dimension cutoff of 22 A.""]"				
zhang_146_ST_111	146	generated	ST	111	11376	3792	7584	0.887718	150.0	0		/home/frenjc/projects/GBOpt/results/phase_a_geometry_audit/zhang_146_ST_111/structure.data	/home/frenjc/projects/GBOpt/results/phase_a_geometry_audit/zhang_146_ST_111/metadata.json	6c384ccd7789df29c63fdfa0bae4f06c41ef737ca29383557959f85bf3a62ed8	suspicious	"[""central_interface_large_gap_range"",""central_interface_heavy_gap_tail"",""periodic_interface_large_gap_range"",""periodic_interface_heavy_gap_tail""]"	9	7	0.8415704706932416	4.628637588812865	7.574134236239258	10.098845648319	9.257275177625758	0.0	0.0	0.8415704706932365	4.628637588812865	7.574134236239254	10.098845648319	9.257275177625763	0.0	0.0	2.3616512761201403	2.3616512761201163	1.1523678263223298	1.1523678263223194	0	42	42	6.48074069840786	141.38383907646588	40.81399877493015	28.339815313441967	6	"[""UserWarning: Recommended repeat factor is at least 2."",""UserWarning: Commensurate repeat pair in y multiplied by 2 to satisfy the minimum in-plane dimension cutoff of 22 A."",""UserWarning: Commensurate repeat pair in z multiplied by 3 to satisfy the minimum in-plane dimension cutoff of 22 A."",""UserWarning: Recommended repeat factor is at least 2."",""UserWarning: Commensurate repeat pair in y multiplied by 2 to satisfy the minimum in-plane dimension cutoff of 22 A."",""UserWarning: Commensurate repeat pair in z multiplied by 3 to satisfy the minimum in-plane dimension cutoff of 22 A.""]"				
zhang_147_ST_111	147	generated	ST	111	25488	8496	16992	1.179365	150.0	0		/home/frenjc/projects/GBOpt/results/phase_a_geometry_audit/zhang_147_ST_111/structure.data	/home/frenjc/projects/GBOpt/results/phase_a_geometry_audit/zhang_147_ST_111/metadata.json	8dd30147aa0427a92e87545be57e4622625280a4e8b832a6b8def1fe1bce2317	suspicious	"[""central_interface_large_gap_range"",""central_interface_heavy_gap_tail"",""periodic_interface_large_gap_range"",""periodic_interface_heavy_gap_tail""]"	16	7	1.038988038988549	4.5022815022837435	8.311904311908457	9.697221697226553	8.658233658238004	0.0	0.0	0.692658692659022	4.848610848613259	8.311904311908476	9.69722169722655	9.004563004567528	0.0	0.0	2.3616512761201354	2.3616512761201305	1.5933659366462296	1.5933659366462272	0	186	186	13.638181696985855	171.77935577944166	74.38264297536085	28.339815313441967	4	"[""UserWarning: Recommended repeat factor is at least 2."",""UserWarning: Commensurate repeat pair in z multiplied by 3 to satisfy the minimum in-plane dimension cutoff of 22 A."",""UserWarning: Recommended repeat factor is at least 2."",""UserWarning: Commensurate repeat pair in z multiplied by 3 to satisfy the minimum in-plane dimension cutoff of 22 A.""]"				
zhang_148_ST_111	148	generated	ST	111	20232	6744	13488	0.968496	150.0	0		/home/frenjc/projects/GBOpt/results/phase_a_geometry_audit/zhang_148_ST_111/structure.data	/home/frenjc/projects/GBOpt/results/phase_a_geometry_audit/zhang_148_ST_111/metadata.json	60968bd36e16e64f18c8c43d1c05fb21a932a96c67e2c89b4ac7e4ed501b676a	suspicious	"[""central_interface_large_gap_range"",""central_interface_heavy_gap_tail"",""periodic_interface_large_gap_range"",""periodic_interface_heavy_gap_tail""]"	12	7	0.3180837394557159	4.930297961563383	8.747302835031801	9.542512183671036	9.22442844421532	0.0	0.0	0.31808373945569307	4.930297961563388	8.74730283503181	9.542512183671057	9.224428444215365	0.0	0.0	2.361651276120138	2.36165127612013	1.606244148722772	1.6062441487227614	0	294	294	17.146428199482248	187.03323879995236	53.99184538428002	28.339815313441967	4	"[""UserWarning: Recommended repeat factor is at least 2."",""UserWarning: Commensurate repeat pair in z multiplied by 3 to satisfy the minimum in-plane dimension cutoff of 22 A."",""UserWarning: Recommended repeat factor is at least 2."",""UserWarning: Commensurate repeat pair in z multiplied by 3 to satisfy the minimum in-plane dimension cutoff of 22 A.""]"				
zhang_149_ST_111	149	generated	ST	111	15840	5280	10560	1.026477	145.0	0		/home/frenjc/projects/GBOpt/results/phase_a_geometry_audit/zhang_149_ST_111/structure.data	/home/frenjc/projects/GBOpt/results/phase_a_geometry_audit/zhang_149_ST_111/metadata.json	d65f9710565a334aa62de7076ac1822a3c1edf1e6bb9fc80f51c72c114d770f6	suspicious	"[""central_interface_large_gap_range"",""central_interface_heavy_gap_tail"",""periodic_interface_large_gap_range"",""periodic_interface_heavy_gap_tail""]"	8	7	1.0216278032733044	5.10813901636655	9.003095016346052	9.194650229459796	8.173022426186492	0.0	0.0	1.0216278032733068	5.363545967184881	9.003095016346048	9.1946502294598	8.173022426186494	0.0	0.0	2.361651276120138	2.3616512761201274	1.876850118795071	1.8768501187950555	0	114	114	10.677078252031311	232.93113914631508	33.620713972192796	28.339815313441967	4	"[""UserWarning: Recommended repeat factor is at least 2."",""UserWarning: Commensurate repeat pair in z multiplied by 3 to satisfy the minimum in-plane dimension cutoff of 22 A."",""UserWarning: Recommended repeat factor is at least 2."",""UserWarning: Commensurate repeat pair in z multiplied by 3 to satisfy the minimum in-plane dimension cutoff of 22 A.""]"				
zhang_150_ST_111	150	generated	ST	111	15192	5064	10128	1.007614	130.0	0		/home/frenjc/projects/GBOpt/results/phase_a_geometry_audit/zhang_150_ST_111/structure.data	/home/frenjc/projects/GBOpt/results/phase_a_geometry_audit/zhang_150_ST_111/metadata.json	98326a3a01f4469876e2ee539f3def8bae2669d96ead6e2fc6db9dc5ebe6d6da	suspicious	"[""central_interface_large_gap_range"",""central_interface_heavy_gap_tail"",""periodic_interface_large_gap_range"",""periodic_interface_heavy_gap_tail"",""central_interface_severe_overlap"",""periodic_interface_severe_overlap""]"	10	7	0.3660485125137143	5.124679175192192	8.785164300329484	9.334237069100084	8.96818855658637	0.0	0.0	0.36604851251371984	5.124679175192189	8.785164300329487	9.334237069100064	8.968188556586345	0.0	0.0	2.3616512761201416	2.361651276120119	0.8681602752450173	0.8681602752450125	0	222	222	14.89966442575134	162.5255395560956	46.917082006450485	28.339815313441967	4	"[""UserWarning: Recommended repeat factor is at least 2."",""UserWarning: Commensurate repeat pair in z multiplied by 3 to satisfy the minimum in-plane dimension cutoff of 22 A."",""UserWarning: Recommended repeat factor is at least 2."",""UserWarning: Commensurate repeat pair in z multiplied by 3 to satisfy the minimum in-plane dimension cutoff of 22 A.""]"				
zhang_151_ST_111	151	generated	ST	111	6480	2160	4320	0.864811	146.488	0		/home/frenjc/projects/GBOpt/results/phase_a_geometry_audit/zhang_151_ST_111/structure.data	/home/frenjc/projects/GBOpt/results/phase_a_geometry_audit/zhang_151_ST_111/metadata.json	6387c3f28d68750d84357c71646101e17bafb56a0c96ffb54d10710d2ddd12ce	ok	[]	6	7	3.8565603845914325	5.784840576887142	7.713120769182858	7.713120769182865	3.8565603845914325	0.0	0.0	3.856560384591443	5.784840576887158	7.713120769182875	7.713120769182876	3.8565603845914325	0.0	0.0	2.3616512761201456	2.361651276120138	3.936085460200284	3.936085460200289	0	6	6	2.449489742783178	123.40993230692577	26.7190341142789	28.339815313441967	6	"[""UserWarning: Recommended repeat factor is at least 2."",""UserWarning: Commensurate repeat pair in y multiplied by 2 to satisfy the minimum in-plane dimension cutoff of 22 A."",""UserWarning: Commensurate repeat pair in z multiplied by 3 to satisfy the minimum in-plane dimension cutoff of 22 A."",""UserWarning: Recommended repeat factor is at least 2."",""UserWarning: Commensurate repeat pair in y multiplied by 2 to satisfy the minimum in-plane dimension cutoff of 22 A."",""UserWarning: Commensurate repeat pair in z multiplied by 3 to satisfy the minimum in-plane dimension cutoff of 22 A.""]"				
zhang_152_AT_111	152	generated	AT	111	19944	6648	13296	0.962354	140.0	0		/home/frenjc/projects/GBOpt/results/phase_a_geometry_audit/zhang_152_AT_111/structure.data	/home/frenjc/projects/GBOpt/results/phase_a_geometry_audit/zhang_152_AT_111/metadata.json	5c577ef87a40206fcecfd9ce81e25270af38c8762423dbd8b8e5242b086443e8	suspicious	"[""central_interface_large_gap_range"",""central_interface_heavy_gap_tail"",""periodic_interface_large_gap_range"",""periodic_interface_heavy_gap_tail""]"	7	12	2.7037117853734145	5.725507310202602	8.540548404385545	9.860595923126695	7.156884137753281	0.0	0.0	2.703711785373487	5.725507310202622	8.222464664929898	10.019637792854612	7.315926007481124	0.0	0.0	2.361651276120142	2.36165127612013	3.134779400987709	3.1347794009877616	0	6	294	17.146428199482248	187.03323879995233	28.339815313441967	53.991845384280026	4	"[""UserWarning: Recommended repeat factor is at least 2."",""UserWarning: Commensurate repeat pair in y multiplied by 3 to satisfy the minimum in-plane dimension cutoff of 22 A."",""UserWarning: Recommended repeat factor is at least 2."",""UserWarning: Commensurate repeat pair in y multiplied by 3 to satisfy the minimum in-plane dimension cutoff of 22 A.""]"				
zhang_153_AT_111	153	generated	AT	111	71244	23748	47496	1.629855	170.469	0		/home/frenjc/projects/GBOpt/results/phase_a_geometry_audit/zhang_153_AT_111/structure.data	/home/frenjc/projects/GBOpt/results/phase_a_geometry_audit/zhang_153_AT_111/metadata.json	e03313f7c69d2d5c7df3541e09a4f2608a89ad66bd07a4feb15581554208a863	suspicious	"[""central_interface_large_gap_range"",""central_interface_heavy_gap_tail"",""periodic_interface_large_gap_range"",""periodic_interface_heavy_gap_tail"",""central_interface_severe_overlap""]"	22	7	0.2569137895604001	3.6824309836987084	6.568429219760247	8.306879195785427	8.049965406225027	0.0	0.0	2.3122241060432698	5.9946550897420305	8.850680050354812	11.047292951096015	8.735068845052744	0.0	0.0	2.3616512761201074	2.361651276120073	1.0005354624092357	2.6918114289879487	0	1014	6	31.843366656181317	347.3474434856257	100.27056999937719	28.339815313441967	4	"[""UserWarning: Recommended repeat factor is at least 2."",""UserWarning: Commensurate repeat pair in z multiplied by 3 to satisfy the minimum in-plane dimension cutoff of 22 A."",""UserWarning: Recommended repeat factor is at least 2."",""UserWarning: Commensurate repeat pair in z multiplied by 3 to satisfy the minimum in-plane dimension cutoff of 22 A.""]"				
zhang_154_AT_111	154	generated	AT	111	77760	25920	51840	1.711496	166.094	0		/home/frenjc/projects/GBOpt/results/phase_a_geometry_audit/zhang_154_AT_111/structure.data	/home/frenjc/projects/GBOpt/results/phase_a_geometry_audit/zhang_154_AT_111/metadata.json	3a7a669e9844e50605aaf607518e2f66232d596cfcdd5e351d4f5cedc29b9d43	suspicious	"[""central_interface_large_gap_range"",""central_interface_heavy_gap_tail"",""periodic_interface_large_gap_range"",""periodic_interface_heavy_gap_tail"",""central_interface_severe_overlap""]"	32	7	0.11670482630772483	3.7122740925276574	6.661369575883496	8.00807231659391	7.891367490286186	0.0	0.0	2.343291002497603	6.0240902693625324	8.699990026837172	10.934887450630125	8.591596448132522	0.0	0.0	2.357329373502837	2.3616512761201167	0.8458739800585058	3.0382635022246895	0	546	6	23.366642891095847	261.03684089943124	146.85312997710474	28.339815313441967	4	"[""UserWarning: Recommended repeat factor is at least 2."",""UserWarning: Commensurate repeat pair in z multiplied by 3 to satisfy the minimum in-plane dimension cutoff of 22 A."",""UserWarning: Recommended repeat factor is at least 2."",""UserWarning: Commensurate repeat pair in z multiplied by 3 to satisfy the minimum in-plane dimension cutoff of 22 A.""]"				
zhang_155_AT_111	155	generated	AT	111	32652	10884	21768	1.133687	161.727	0		/home/frenjc/projects/GBOpt/results/phase_a_geometry_audit/zhang_155_AT_111/structure.data	/home/frenjc/projects/GBOpt/results/phase_a_geometry_audit/zhang_155_AT_111/metadata.json	a5616d84c73ae44b85b20bb25b4691206fabf01a8938333513d68ea838f54218	suspicious	"[""central_interface_large_gap_range"",""central_interface_heavy_gap_tail"",""periodic_interface_large_gap_range"",""periodic_interface_heavy_gap_tail""]"	18	7	0.7377925462010211	4.322977352713892	7.902488621849045	8.640281168050066	7.902488621849045	0.0	0.0	0.7377925462010113	4.4786442394522465	7.536429117437416	9.90831041146768	9.170517865266667	0.0	0.0	2.361651276120142	2.3571234045719924	1.5940911126317725	1.5940911126318014	0	222	42	14.89966442575134	199.87204332025038	81.44538366395405	28.339815313441967	4	"[""UserWarning: Recommended repeat factor is at least 2."",""UserWarning: Commensurate repeat pair in z multiplied by 3 to satisfy the minimum in-plane dimension cutoff of 22 A."",""UserWarning: Recommended repeat factor is at least 2."",""UserWarning: Commensurate repeat pair in z multiplied by 3 to satisfy the minimum in-plane dimension cutoff of 22 A.""]"				
zhang_156_AT_111	156	generated	AT	111	128880	42960	85920	2.32742	187.719	0		/home/frenjc/projects/GBOpt/results/phase_a_geometry_audit/zhang_156_AT_111/structure.data	/home/frenjc/projects/GBOpt/results/phase_a_geometry_audit/zhang_156_AT_111/metadata.json	ae25fd1c666a7001f6ff313d69df9fb8dc93f2764581cb6fd6eafcede32ac69d	suspicious	"[""central_interface_large_gap_range"",""central_interface_heavy_gap_tail"",""periodic_interface_large_gap_range"",""periodic_interface_heavy_gap_tail"",""central_interface_severe_overlap""]"	58	7	0.5108139016366522	3.876936904685735	7.079318241738136	8.958832182288077	8.448018280651425	0.0	0.0	2.2265861761898496	5.638541821649785	8.539683565473013	9.908383604386312	7.681797428196463	0.0	0.0	2.3616512761201207	2.358755016735492	0.9438769106816429	2.739273848394373	0	114	6	10.677078252031311	236.7012230874126	269.46246934947123	28.339815313441967	4	"[""UserWarning: Recommended repeat factor is at least 2."",""UserWarning: Commensurate repeat pair in z multiplied by 3 to satisfy the minimum in-plane dimension cutoff of 22 A."",""UserWarning: Recommended repeat factor is at least 2."",""UserWarning: Commensurate repeat pair in z multiplied by 3 to satisfy the minimum in-plane dimension cutoff of 22 A.""]"				
zhang_157_AT_111	157	generated	AT	111	20196	6732	13464	0.977066	160.0	0		/home/frenjc/projects/GBOpt/results/phase_a_geometry_audit/zhang_157_AT_111/structure.data	/home/frenjc/projects/GBOpt/results/phase_a_geometry_audit/zhang_157_AT_111/metadata.json	73a53874941360aebcef550f313931e8ac02e6b533051435d1153b57b9791b5c	suspicious	"[""central_interface_large_gap_range"",""central_interface_heavy_gap_tail"",""periodic_interface_large_gap_range"",""periodic_interface_heavy_gap_tail""]"	12	7	0.15904186972785794	3.5784420688766474	6.496860378382702	7.634009746936854	7.4749678772089965	0.0	0.0	2.703711785373424	5.964070114794357	8.906344704759594	9.860595923126718	7.156884137753295	0.0	0.0	2.3616512761201376	2.3616512761201234	1.1523678263223107	3.751837821083663	0	294	6	17.146428199482248	187.03323879995233	53.991845384280026	28.339815313441967	4	"[""UserWarning: Recommended repeat factor is at least 2."",""UserWarning: Commensurate repeat pair in z multiplied by 3 to satisfy the minimum in-plane dimension cutoff of 22 A."",""UserWarning: Recommended repeat factor is at least 2."",""UserWarning: Commensurate repeat pair in z multiplied by 3 to satisfy the minimum in-plane dimension cutoff of 22 A.""]"				
zhang_158_AT_111	158	generated	AT	111	435564	145188	290376	9.930068	323.125	0		/home/frenjc/projects/GBOpt/results/phase_a_geometry_audit/zhang_158_AT_111/structure.data	/home/frenjc/projects/GBOpt/results/phase_a_geometry_audit/zhang_158_AT_111/metadata.json	035e17739a3ba43e0f7b00754acb10043c9d8a8c4af2db5c1fef8efea522de98	suspicious	"[""central_interface_severe_overlap""]"	64	7	0.31700731085427947	1.2680292434175442	3.487080419398339	4.556697820442011	4.2396905095877315	0.0	0.0	1.3866247118979602	2.872455344983056	4.8930946785898755	5.844116611153076	4.457491899255116	0.0	0.0	2.361651276119929	2.35858160655035	0.5641046590247255	1.394712216483552	0	222	78	14.89966442575134	205.07437372144113	1058.0606649717836	28.339815313441967	4	"[""UserWarning: Recommended repeat factor is at least 2."",""UserWarning: Commensurate repeat pair in z multiplied by 3 to satisfy the minimum in-plane dimension cutoff of 22 A."",""UserWarning: Recommended repeat factor is at least 2."",""UserWarning: Commensurate repeat pair in z multiplied by 3 to satisfy the minimum in-plane dimension cutoff of 22 A.""]"				
zhang_159_AT_111	159	generated	AT	111	66780	22260	44520	1.589988	160.355	0		/home/frenjc/projects/GBOpt/results/phase_a_geometry_audit/zhang_159_AT_111/structure.data	/home/frenjc/projects/GBOpt/results/phase_a_geometry_audit/zhang_159_AT_111/metadata.json	47b2358fcf0e63ce69fd41d0bc99242c3c6959864b96c0642791a83191b417f9	suspicious	"[""central_interface_large_gap_range"",""central_interface_heavy_gap_tail"",""periodic_interface_large_gap_range"",""periodic_interface_heavy_gap_tail"",""central_interface_severe_overlap""]"	48	7	0.4207852353465995	3.7738658088755486	6.322641566197468	7.696794235696032	7.276009000349433	0.0	0.0	2.6473714115364917	5.864590676364583	8.932747323247728	9.774317793941012	7.126946382404521	0.0	0.0	2.3580604624104913	2.3616512761201176	0.8957875119252683	3.877017080485585	0	42	6	6.48074069840786	150.84902188106963	224.07874778420938	28.339815313441967	4	"[""UserWarning: Recommended repeat factor is at least 2."",""UserWarning: Commensurate repeat pair in z multiplied by 3 to satisfy the minimum in-plane dimension cutoff of 22 A."",""UserWarning: Recommended repeat factor is at least 2."",""UserWarning: Commensurate repeat pair in z multiplied by 3 to satisfy the minimum in-plane dimension cutoff of 22 A.""]"				
zhang_160_AT_111	160	generated	AT	111	318708	106236	212472	6.084789	240.203	0		/home/frenjc/projects/GBOpt/results/phase_a_geometry_audit/zhang_160_AT_111/structure.data	/home/frenjc/projects/GBOpt/results/phase_a_geometry_audit/zhang_160_AT_111/metadata.json	56ee841485a09be9388e834d4dcd24bc707ac88618265da5ab04b8a1355c30a0	suspicious	"[""central_interface_large_gap_range"",""central_interface_heavy_gap_tail"",""periodic_interface_large_gap_range"",""periodic_interface_heavy_gap_tail"",""central_interface_severe_overlap"",""periodic_interface_severe_overlap""]"	64	7	1.045828717549469	2.3138579609671552	5.039530017775093	6.7193733570334615	5.673544639483993	0.0	0.0	1.0458287175495196	2.947872582675913	5.323354953884225	6.71937335703346	5.67354463948394	0.0	0.0	2.36165127612	2.3612715839114227	1.0474351332490397	1.0474351332490903	0	222	42	14.89966442575134	195.86916095022633	812.7923862350783	28.339815313441967	4	"[""UserWarning: Recommended repeat factor is at least 2."",""UserWarning: Commensurate repeat pair in z multiplied by 3 to satisfy the minimum in-plane dimension cutoff of 22 A."",""UserWarning: Recommended repeat factor is at least 2."",""UserWarning: Commensurate repeat pair in z multiplied by 3 to satisfy the minimum in-plane dimension cutoff of 22 A.""]"				
zhang_161_AT_111	161	generated	AT	111	56628	18876	37752	1.361981	165.0	0		/home/frenjc/projects/GBOpt/results/phase_a_geometry_audit/zhang_161_AT_111/structure.data	/home/frenjc/projects/GBOpt/results/phase_a_geometry_audit/zhang_161_AT_111/metadata.json	1ee24d933c294a161e579327c915f13c38da007a3fde493c0a6c069bc16bb352	suspicious	"[""central_interface_large_gap_range"",""central_interface_heavy_gap_tail"",""periodic_interface_large_gap_range"",""periodic_interface_heavy_gap_tail"",""central_interface_severe_overlap""]"	30	7	0.3087719472112411	3.274696718573594	6.549393437147168	7.9714584724533495	7.662686525242108	0.0	0.0	2.5353581234010982	5.9970320884359225	8.775979613337002	9.889272701431965	7.353914578030867	0.0	0.0	2.3601596422938007	2.361651276120118	0.933897083028239	2.5526814987509034	0	78	6	8.831760866327848	203.21298398701975	138.94321799048333	28.339815313441967	4	"[""UserWarning: Recommended repeat factor is at least 2."",""UserWarning: Commensurate repeat pair in z multiplied by 3 to satisfy the minimum in-plane dimension cutoff of 22 A."",""UserWarning: Recommended repeat factor is at least 2."",""UserWarning: Commensurate repeat pair in z multiplied by 3 to satisfy the minimum in-plane dimension cutoff of 22 A.""]"				
zhang_162_AT_111	162	generated	AT	111	65232	21744	43488	1.525765	170.0	0		/home/frenjc/projects/GBOpt/results/phase_a_geometry_audit/zhang_162_AT_111/structure.data	/home/frenjc/projects/GBOpt/results/phase_a_geometry_audit/zhang_162_AT_111/metadata.json	070de367f203d243e772b593028550daa38619d0ac88b54e97e05b05e2b4177b	suspicious	"[""central_interface_large_gap_range"",""central_interface_heavy_gap_tail"",""periodic_interface_large_gap_range"",""periodic_interface_heavy_gap_tail"",""central_interface_severe_overlap""]"	35	7	0.31700731085436473	3.332344264075701	6.3476812172970485	8.094988927100786	7.7779816162464215	0.0	0.0	2.543593487044264	5.713666595588215	8.226312851568013	10.00456779243629	7.4609743053920266	0.0	0.0	2.3587479212341997	2.3616512761201163	0.3180801059284774	2.543727411887195	0	222	6	14.89966442575134	200.7103004700166	162.25053785446784	28.339815313441967	4	"[""UserWarning: Recommended repeat factor is at least 2."",""UserWarning: Commensurate repeat pair in z multiplied by 3 to satisfy the minimum in-plane dimension cutoff of 22 A."",""UserWarning: Recommended repeat factor is at least 2."",""UserWarning: Commensurate repeat pair in z multiplied by 3 to satisfy the minimum in-plane dimension cutoff of 22 A.""]"				
zhang_163_AT_111	163	generated	AT	111	11376	3792	7584	0.944682	155.0	0		/home/frenjc/projects/GBOpt/results/phase_a_geometry_audit/zhang_163_AT_111/structure.data	/home/frenjc/projects/GBOpt/results/phase_a_geometry_audit/zhang_163_AT_111/metadata.json	5fe456512af39bdec2ea8baed5a9aa8ac71992b5a718454df6371b9d9d1bac7f	suspicious	"[""central_interface_large_gap_range"",""central_interface_heavy_gap_tail"",""periodic_interface_large_gap_range"",""periodic_interface_heavy_gap_tail""]"	9	7	2.524711412079739	4.207852353466251	7.574134236239246	7.574134236239246	5.049422824159507	0.0	0.0	2.5247114120797494	4.207852353466249	7.574134236239262	7.994919471585889	5.47020805950614	0.0	0.0	2.361651276120139	2.361651276120136	3.93608546020026	3.9360854602002604	0	42	42	6.48074069840786	141.38383907646588	40.81399877493015	28.339815313441967	6	"[""UserWarning: Recommended repeat factor is at least 2."",""UserWarning: Commensurate repeat pair in y multiplied by 2 to satisfy the minimum in-plane dimension cutoff of 22 A."",""UserWarning: Commensurate repeat pair in z multiplied by 3 to satisfy the minimum in-plane dimension cutoff of 22 A."",""UserWarning: Recommended repeat factor is at least 2."",""UserWarning: Commensurate repeat pair in y multiplied by 2 to satisfy the minimum in-plane dimension cutoff of 22 A."",""UserWarning: Commensurate repeat pair in z multiplied by 3 to satisfy the minimum in-plane dimension cutoff of 22 A.""]"				
zhang_164_AT_111	164	generated	AT	111	15840	5280	10560	0.995403	145.0	0		/home/frenjc/projects/GBOpt/results/phase_a_geometry_audit/zhang_164_AT_111/structure.data	/home/frenjc/projects/GBOpt/results/phase_a_geometry_audit/zhang_164_AT_111/metadata.json	880ed3c831bf82938795c38a2f5aa102e00415d63f1cd31c9e6c81ad44151749	suspicious	"[""central_interface_large_gap_range"",""periodic_interface_large_gap_range""]"	8	7	2.298662557364949	5.618952918003195	7.6622085245498255	7.917615475368166	5.618952918003217	0.0	0.0	2.2986625573649606	5.618952918003204	7.662208524549833	7.662208524549843	5.363545967184883	0.0	0.0	2.3616512761201354	2.361651276120136	3.9360854602002577	3.9360854602002338	0	114	114	10.677078252031311	232.93113914631508	33.620713972192796	28.339815313441967	4	"[""UserWarning: Recommended repeat factor is at least 2."",""UserWarning: Commensurate repeat pair in z multiplied by 3 to satisfy the minimum in-plane dimension cutoff of 22 A."",""UserWarning: Recommended repeat factor is at least 2."",""UserWarning: Commensurate repeat pair in z multiplied by 3 to satisfy the minimum in-plane dimension cutoff of 22 A.""]"				
zhang_165_AT_111	165	generated	AT	111	12600	4200	8400	0.971095	155.0	0		/home/frenjc/projects/GBOpt/results/phase_a_geometry_audit/zhang_165_AT_111/structure.data	/home/frenjc/projects/GBOpt/results/phase_a_geometry_audit/zhang_165_AT_111/metadata.json	877835d81bd5d1d9462e87d3b18751bbbb9c350b3a4ab6d29a42bda6f17ea289	suspicious	"[""periodic_interface_large_gap_range"",""periodic_interface_heavy_gap_tail""]"	10	7	2.799346778642601	4.998833533290366	6.598460263943295	7.398273629269752	4.5989268506271515	0.0	0.0	2.7993467786425965	4.998833533290356	7.368280628070003	7.998133653264613	5.198786874622017	0.0	0.0	2.3616512761201425	2.3616512761201305	3.936085460200257	3.9360854602002444	0	186	186	13.638181696985855	148.7652859507217	42.944838944860415	28.339815313441967	4	"[""UserWarning: Recommended repeat factor is at least 2."",""UserWarning: Commensurate repeat pair in z multiplied by 3 to satisfy the minimum in-plane dimension cutoff of 22 A."",""UserWarning: Recommended repeat factor is at least 2."",""UserWarning: Commensurate repeat pair in z multiplied by 3 to satisfy the minimum in-plane dimension cutoff of 22 A.""]"				
zhang_166_AT_111	166	generated	AT	111	10728	3576	7152	0.964855	156.836	0		/home/frenjc/projects/GBOpt/results/phase_a_geometry_audit/zhang_166_AT_111/structure.data	/home/frenjc/projects/GBOpt/results/phase_a_geometry_audit/zhang_166_AT_111/metadata.json	da4574539f259ae22f598f07244b2b3866ee93d379e989bc2ec1b7ce068421f1	ok	[]	6	7	2.778947524901099	4.322807260957269	5.866666997013424	7.101754785858347	4.322807260957248	0.0	0.0	2.7789475249011026	4.940351155379721	5.866666997013411	6.484210891435887	3.7052633665347843	0.0	0.0	2.361651276120134	2.3616512761201243	3.9360854602002893	3.9360854602002773	0	78	78	8.831760866327848	192.67369505980832	27.810052427135044	28.339815313441967	4	"[""UserWarning: Recommended repeat factor is at least 2."",""UserWarning: Commensurate repeat pair in z multiplied by 3 to satisfy the minimum in-plane dimension cutoff of 22 A."",""UserWarning: Recommended repeat factor is at least 2."",""UserWarning: Commensurate repeat pair in z multiplied by 3 to satisfy the minimum in-plane dimension cutoff of 22 A.""]"				
zhang_167_TW_111	167	generated	TW	111	82992	27664	55328	1.646002	170.574	0		/home/frenjc/projects/GBOpt/results/phase_a_geometry_audit/zhang_167_TW_111/structure.data	/home/frenjc/projects/GBOpt/results/phase_a_geometry_audit/zhang_167_TW_111/metadata.json	32e1e1a6e63f4adcb22a56a0375a429e7dbe3a0f54615efd79871189a3dd41fa	suspicious	"[""central_interface_large_gap_range"",""central_interface_heavy_gap_tail"",""periodic_interface_large_gap_range"",""periodic_interface_heavy_gap_tail""]"	27	16	2.361651276120135	5.510519644280365	8.659388012440587	8.659388012440601	6.297736736320466	0.0	0.0	2.3616512761201345	5.510519644280361	8.659388012440582	8.6593880124406	6.297736736320465	0.0	0.0	2.3616512761201105	2.361651276120106	2.3616512761201562	2.361651276120142	0	546	546	23.366642891095847	132.25247146272918	127.44167032803674	73.57848266986755	2	"[""UserWarning: Recommended repeat factor is at least 2."",""UserWarning: Recommended repeat factor is at least 2.""]"				
zhang_168_TW_111	168	generated	TW	111	33744	11248	22496	1.16591	145.0	0		/home/frenjc/projects/GBOpt/results/phase_a_geometry_audit/zhang_168_TW_111/structure.data	/home/frenjc/projects/GBOpt/results/phase_a_geometry_audit/zhang_168_TW_111/metadata.json	d5965f8790e48a82deec1a95ce3bd6d727b3340ab620b13fdd3aabfe330faca0	suspicious	"[""central_interface_large_gap_range"",""central_interface_heavy_gap_tail"",""periodic_interface_large_gap_range"",""periodic_interface_heavy_gap_tail""]"	18	10	2.361651276120142	5.510519644280372	8.659388012440587	8.659388012440594	6.297736736320452	0.0	0.0	2.36165127612014	5.510519644280361	8.659388012440584	8.659388012440587	6.297736736320447	0.0	0.0	2.3616512761201265	2.3616512761201247	2.361651276120142	2.361651276120142	0	222	222	14.89966442575134	132.25247146272918	81.2627697780478	46.917082006450485	2	"[""UserWarning: Recommended repeat factor is at least 2."",""UserWarning: Recommended repeat factor is at least 2.""]"				
zhang_169_TW_111	169	generated	TW	111	66576	22192	44384	1.469342	163.449	0		/home/frenjc/projects/GBOpt/results/phase_a_geometry_audit/zhang_169_TW_111/structure.data	/home/frenjc/projects/GBOpt/results/phase_a_geometry_audit/zhang_169_TW_111/metadata.json	4a619167b5f6ce0f76bd1cbbafbe9ed1166163a14aa37036135d84bd3a408649	suspicious	"[""central_interface_large_gap_range"",""central_interface_heavy_gap_tail"",""periodic_interface_large_gap_range"",""periodic_interface_heavy_gap_tail""]"	25	14	2.361651276120135	5.510519644280365	8.65938801244058	8.659388012440594	6.297736736320459	0.0	0.0	2.3616512761201385	5.510519644280361	8.65938801244057	8.6593880124406	6.297736736320461	0.0	0.0	2.3616512761201265	2.361651276120123	2.361651276120142	2.361651276120142	0	438	438	20.92844953645635	132.25247146272918	114.14376377183292	65.9009327399848	2	"[""UserWarning: Recommended repeat factor is at least 2."",""UserWarning: Recommended repeat factor is at least 2.""]"				
zhang_170_TW_111	170	generated	TW	111	39216	13072	26144	1.136113	160.0	0		/home/frenjc/projects/GBOpt/results/phase_a_geometry_audit/zhang_170_TW_111/structure.data	/home/frenjc/projects/GBOpt/results/phase_a_geometry_audit/zhang_170_TW_111/metadata.json	e49e1fe0b624e2e40667f9abbae571ce418ef3a5014033e71574e392c363861d	suspicious	"[""central_interface_large_gap_range"",""periodic_interface_large_gap_range"",""periodic_interface_heavy_gap_tail""]"	19	11	2.361651276120135	5.510519644280365	7.08495382836049	8.659388012440594	6.297736736320459	0.0	0.0	2.361651276120139	5.51051964428036	8.029614338808527	8.659388012440598	6.297736736320459	0.0	0.0	2.361651276120136	2.3616512761201336	2.361651276120142	2.361651276120142	0	258	258	16.06237840420901	132.25247146272918	87.60421181655593	50.578315274433564	2	"[""UserWarning: Recommended repeat factor is at least 2."",""UserWarning: Recommended repeat factor is at least 2.""]"				
zhang_171_TW_111	171	generated	TW	111	28272	9424	18848	1.02984	161.68	0		/home/frenjc/projects/GBOpt/results/phase_a_geometry_audit/zhang_171_TW_111/structure.data	/home/frenjc/projects/GBOpt/results/phase_a_geometry_audit/zhang_171_TW_111/metadata.json	bd994fb5c95be791a64a0c523866f63ba5eebd407002610fedf87b13f3d48980	suspicious	"[""central_interface_large_gap_range"",""central_interface_heavy_gap_tail"",""periodic_interface_large_gap_range"",""periodic_interface_heavy_gap_tail""]"	16	10	2.361651276120135	5.510519644280365	8.65938801244058	8.659388012440594	6.297736736320459	0.0	0.0	2.361651276120139	5.510519644280361	8.659388012440582	8.659388012440598	6.297736736320459	0.0	0.0	2.361651276120141	2.3616512761201283	2.361651276120142	2.361651276120142	0	186	186	13.638181696985855	132.25247146272918	74.38264297536085	42.944838944860415	2	"[""UserWarning: Recommended repeat factor is at least 2."",""UserWarning: Recommended repeat factor is at least 2.""]"				
zhang_172_TW_111	172	generated	TW	111	93936	31312	62624	1.737865	170.383	0		/home/frenjc/projects/GBOpt/results/phase_a_geometry_audit/zhang_172_TW_111/structure.data	/home/frenjc/projects/GBOpt/results/phase_a_geometry_audit/zhang_172_TW_111/metadata.json	a1f1c61b1eeb9702477797e51da6a1efeaeec58a05722c5dd6d19d64acd68dd1	suspicious	"[""central_interface_large_gap_range"",""central_interface_heavy_gap_tail"",""periodic_interface_large_gap_range"",""periodic_interface_heavy_gap_tail""]"	29	17	2.361651276120135	5.510519644280365	8.659388012440573	8.659388012440594	6.297736736320459	0.0	0.0	2.3616512761201105	5.510519644280361	8.65938801244057	8.659388012440598	6.297736736320488	0.0	0.0	2.3616512761201247	2.36165127612011	2.361651276120142	2.361651276120142	0	618	618	24.859605789312106	132.25247146272918	135.58428997490822	78.27962631489754	2	"[""UserWarning: Recommended repeat factor is at least 2."",""UserWarning: Recommended repeat factor is at least 2.""]"				
zhang_173_TW_111	173	generated	TW	111	61104	20368	40736	1.353611	165.602	0		/home/frenjc/projects/GBOpt/results/phase_a_geometry_audit/zhang_173_TW_111/structure.data	/home/frenjc/projects/GBOpt/results/phase_a_geometry_audit/zhang_173_TW_111/metadata.json	1677868af2a94a36bbf8192356e20a32f4e57a7ff399c9117466b00c866fb485	suspicious	"[""central_interface_large_gap_range"",""periodic_interface_large_gap_range"",""periodic_interface_heavy_gap_tail""]"	24	14	2.361651276120135	5.510519644280365	7.478562374380509	8.659388012440594	6.297736736320459	0.0	0.0	2.361651276120139	5.510519644280361	8.659388012440566	8.659388012440598	6.297736736320459	0.0	0.0	2.361651276120123	2.361651276120125	2.361651276120142	2.361651276120142	0	402	402	20.049937655763422	132.25247146272918	109.3523599745337	63.13461446781789	2	"[""UserWarning: Recommended repeat factor is at least 2."",""UserWarning: Recommended repeat factor is at least 2.""]"				
zhang_174_TW_111	174	generated	TW	111	11856	3952	7904	1.004391	145.0	0		/home/frenjc/projects/GBOpt/results/phase_a_geometry_audit/zhang_174_TW_111/structure.data	/home/frenjc/projects/GBOpt/results/phase_a_geometry_audit/zhang_174_TW_111/metadata.json	3ea6792a9161c5f5fc6ac328b20b428fc1d8849a273e29623522a9b73557f86d	suspicious	"[""central_interface_large_gap_range"",""periodic_interface_large_gap_range"",""periodic_interface_heavy_gap_tail""]"	11	6	2.361651276120142	5.510519644280372	7.084953828360483	8.659388012440594	6.297736736320452	0.0	0.0	2.3616512761201403	5.510519644280361	8.265779466420554	8.659388012440598	6.2977367363204575	0.0	0.0	2.3616512761201447	2.361651276120142	2.361651276120142	2.3616512761201705	0	78	78	8.831760866327848	132.25247146272918	48.16842376495208	27.810052427135044	2	"[""UserWarning: Recommended repeat factor is at least 2."",""UserWarning: Recommended repeat factor is at least 2.""]"				
zhang_175_TW_111	175	generated	TW	111	88464	29488	58976	1.626419	166.613	0		/home/frenjc/projects/GBOpt/results/phase_a_geometry_audit/zhang_175_TW_111/structure.data	/home/frenjc/projects/GBOpt/results/phase_a_geometry_audit/zhang_175_TW_111/metadata.json	709eda77fea0d8dcdd440d2e77ac1a8c97dc457fa724b0d6d43c196acc00765b	suspicious	"[""central_interface_large_gap_range"",""central_interface_heavy_gap_tail"",""periodic_interface_large_gap_range"",""periodic_interface_heavy_gap_tail""]"	28	17	2.361651276120135	5.510519644280365	8.659388012440573	8.659388012440594	6.297736736320459	0.0	0.0	2.361651276120112	5.510519644280361	8.659388012440564	8.659388012440598	6.297736736320486	0.0	0.0	2.361651276120102	2.3616512761201025	2.361651276120142	2.361651276120142	0	582	582	24.124676163629637	132.25247146272918	131.57598379643602	75.96542966376218	2	"[""UserWarning: Recommended repeat factor is at least 2."",""UserWarning: Recommended repeat factor is at least 2.""]"				
zhang_176_TW_111	176	generated	TW	111	72048	24016	48032	1.560964	165.0	0		/home/frenjc/projects/GBOpt/results/phase_a_geometry_audit/zhang_176_TW_111/structure.data	/home/frenjc/projects/GBOpt/results/phase_a_geometry_audit/zhang_176_TW_111/metadata.json	c5133811e8062c91a2c17e036884c99be4430fa8822f682791896f72e39ef17e	suspicious	"[""central_interface_large_gap_range"",""central_interface_heavy_gap_tail"",""periodic_interface_large_gap_range"",""periodic_interface_heavy_gap_tail""]"	26	15	2.361651276120135	5.510519644280365	7.95089262960446	8.659388012440594	6.297736736320459	0.0	0.0	2.361651276120139	5.510519644280361	8.659388012440566	8.659388012440601	6.297736736320463	0.0	0.0	2.3616512761201283	2.361651276120125	2.361651276120142	2.361651276120142	0	474	474	21.77154105707724	132.25247146272918	118.74198492529926	68.55571696073201	2	"[""UserWarning: Recommended repeat factor is at least 2."",""UserWarning: Recommended repeat factor is at least 2.""]"				
zhang_177_TW_111	177	generated	TW	111	12768	4256	8512	0.947102	145.988	0		/home/frenjc/projects/GBOpt/results/phase_a_geometry_audit/zhang_177_TW_111/structure.data	/home/frenjc/projects/GBOpt/results/phase_a_geometry_audit/zhang_177_TW_111/metadata.json	4dfd911407af2572edcfeb03c2072d4dd4f13392fcaebc76b8bbe50614936d68	suspicious	"[""central_interface_large_gap_range"",""central_interface_heavy_gap_tail"",""periodic_interface_large_gap_range"",""periodic_interface_heavy_gap_tail""]"	8	9	2.361651276120142	5.510519644280372	8.659388012440587	8.659388012440594	6.297736736320452	0.0	0.0	2.3616512761201416	5.510519644280362	8.659388012440584	8.659388012440598	6.297736736320456	0.0	0.0	2.3616512761201442	2.361651276120142	2.361651276120142	2.361651276120142	0	42	42	6.48074069840786	132.25247146272918	35.34595976911647	40.81399877493015	4	"[""UserWarning: Recommended repeat factor is at least 2."",""UserWarning: Commensurate repeat pair in z multiplied by 2 to satisfy the minimum in-plane dimension cutoff of 22 A."",""UserWarning: Recommended repeat factor is at least 2."",""UserWarning: Commensurate repeat pair in z multiplied by 2 to satisfy the minimum in-plane dimension cutoff of 22 A.""]"				
zhang_178_TW_111	178	generated	TW	111	44688	14896	29792	1.219842	155.0	0		/home/frenjc/projects/GBOpt/results/phase_a_geometry_audit/zhang_178_TW_111/structure.data	/home/frenjc/projects/GBOpt/results/phase_a_geometry_audit/zhang_178_TW_111/metadata.json	67166f4c7ce4fbc40376017bde9d4a3016f5dc126f70033be42c9944c4f2eaff	suspicious	"[""central_interface_large_gap_range"",""central_interface_heavy_gap_tail"",""periodic_interface_large_gap_range"",""periodic_interface_heavy_gap_tail""]"	20	12	2.361651276120135	5.510519644280365	8.659388012440587	8.659388012440594	6.297736736320459	0.0	0.0	2.36165127612014	5.510519644280361	8.659388012440584	8.659388012440598	6.2977367363204575	0.0	0.0	2.361651276120129	2.3616512761201216	2.361651276120142	2.361651276120142	0	294	294	17.146428199482248	132.25247146272918	93.51661939997618	53.99184538428002	2	"[""UserWarning: Recommended repeat factor is at least 2."",""UserWarning: Recommended repeat factor is at least 2.""]"				
zhang_179_TW_111	179	generated	TW	111	17328	5776	11552	0.97726	155.184	0		/home/frenjc/projects/GBOpt/results/phase_a_geometry_audit/zhang_179_TW_111/structure.data	/home/frenjc/projects/GBOpt/results/phase_a_geometry_audit/zhang_179_TW_111/metadata.json	63d7e7b8044deda90ccda0d367a0bde03886161f553d810b9e1b0d1379386060	suspicious	"[""central_interface_large_gap_range"",""central_interface_heavy_gap_tail"",""periodic_interface_large_gap_range"",""periodic_interface_heavy_gap_tail""]"	13	8	2.361651276120142	5.510519644280372	8.659388012440592	8.659388012440594	6.297736736320452	0.0	0.0	2.361651276120141	5.510519644280361	8.659388012440584	8.6593880124406	6.297736736320458	0.0	0.0	2.3616512761201442	2.361651276120138	2.361651276120142	2.361651276120142	0	114	114	10.677078252031311	132.25247146272918	58.23278478657877	33.620713972192796	2	"[""UserWarning: Recommended repeat factor is at least 2."",""UserWarning: Recommended repeat factor is at least 2.""]"				
zhang_180_TW_111	180	generated	TW	111	33744	11248	22496	1.177453	161.648	0		/home/frenjc/projects/GBOpt/results/phase_a_geometry_audit/zhang_180_TW_111/structure.data	/home/frenjc/projects/GBOpt/results/phase_a_geometry_audit/zhang_180_TW_111/metadata.json	b9a0e7351967c1de4f5e4a890b09062eb8c766bee5ffc337f7bb103db8d65589	suspicious	"[""central_interface_large_gap_range"",""central_interface_heavy_gap_tail"",""periodic_interface_large_gap_range"",""periodic_interface_heavy_gap_tail""]"	18	10	2.361651276120135	5.510519644280372	8.659388012440587	8.659388012440594	6.297736736320459	0.0	0.0	2.3616512761201403	5.510519644280363	8.65938801244058	8.659388012440585	6.297736736320445	0.0	0.0	2.3616512761201287	2.3616512761201287	2.361651276120142	2.361651276120142	0	222	222	14.89966442575134	132.25247146272918	81.2627697780478	46.917082006450485	2	"[""UserWarning: Recommended repeat factor is at least 2."",""UserWarning: Recommended repeat factor is at least 2.""]"				
zhang_181_TW_111	181	generated	TW	111	55632	18544	37088	1.376347	160.0	0		/home/frenjc/projects/GBOpt/results/phase_a_geometry_audit/zhang_181_TW_111/structure.data	/home/frenjc/projects/GBOpt/results/phase_a_geometry_audit/zhang_181_TW_111/metadata.json	5f78ea3421abd0b154d7a63520d99b9a0668b0260b6b2acbd9241a4ab5b1a6aa	suspicious	"[""central_interface_large_gap_range"",""central_interface_heavy_gap_tail"",""periodic_interface_large_gap_range"",""periodic_interface_heavy_gap_tail""]"	23	13	2.361651276120135	5.510519644280365	8.659388012440587	8.659388012440594	6.297736736320459	0.0	0.0	2.361651276120115	5.510519644280363	8.659388012440584	8.6593880124406	6.297736736320484	0.0	0.0	2.3616512761201243	2.3616512761201185	2.361651276120142	2.361651276120142	0	366	366	19.131126469708992	132.25247146272918	104.34116376579284	60.241398987739316	2	"[""UserWarning: Recommended repeat factor is at least 2."",""UserWarning: Recommended repeat factor is at least 2.""]"				
zhang_182_TW_111	182	generated	TW	111	82992	27664	55328	1.652996	170.0	0		/home/frenjc/projects/GBOpt/results/phase_a_geometry_audit/zhang_182_TW_111/structure.data	/home/frenjc/projects/GBOpt/results/phase_a_geometry_audit/zhang_182_TW_111/metadata.json	bdfe5e885e43e4699f7770156b047409f1bbc04f0a314bc93d78d0016ce68120	suspicious	"[""central_interface_large_gap_range"",""central_interface_heavy_gap_tail"",""periodic_interface_large_gap_range"",""periodic_interface_heavy_gap_tail""]"	27	16	2.361651276120135	5.510519644280365	8.659388012440573	8.659388012440594	6.297736736320459	0.0	0.0	2.3616512761201354	5.510519644280361	8.65938801244058	8.6593880124406	6.297736736320465	0.0	0.0	2.361651276120121	2.361651276120113	2.361651276120142	2.361651276120142	0	546	546	23.366642891095847	132.25247146272918	127.44167032803674	73.57848266986755	2	"[""UserWarning: Recommended repeat factor is at least 2."",""UserWarning: Recommended repeat factor is at least 2.""]"				
zhang_183_TW_111	183	generated	TW	111	154128	51376	102752	2.330638	191.738	0		/home/frenjc/projects/GBOpt/results/phase_a_geometry_audit/zhang_183_TW_111/structure.data	/home/frenjc/projects/GBOpt/results/phase_a_geometry_audit/zhang_183_TW_111/metadata.json	d4e16ba74e1dcbc0e08ff679f6f3f1ee82c0f6d8dae8b91d6d8adb6f70d35418	suspicious	"[""central_interface_large_gap_range"",""central_interface_heavy_gap_tail"",""periodic_interface_large_gap_range"",""periodic_interface_heavy_gap_tail""]"	37	22	2.361651276120135	5.510519644280372	8.659388012440587	8.659388012440601	6.297736736320466	0.0	0.0	2.36165127612011	5.510519644280361	8.659388012440578	8.659388012440605	6.297736736320495	0.0	0.0	2.361651276120096	2.361651276120094	2.361651276120142	2.361651276120142	0	1014	1014	31.843366656181317	132.25247146272918	173.6737217428129	100.27056999937717	2	"[""UserWarning: Recommended repeat factor is at least 2."",""UserWarning: Recommended repeat factor is at least 2.""]"				
zhang_184_TW_111	184	generated	TW	111	5472	1824	3648	0.880277	155.0	0		/home/frenjc/projects/GBOpt/results/phase_a_geometry_audit/zhang_184_TW_111/structure.data	/home/frenjc/projects/GBOpt/results/phase_a_geometry_audit/zhang_184_TW_111/metadata.json	322dcbc67f4fbf291acdfe6f93a2c0642875225d7c7d848e6cbb05616f3eb87a	suspicious	"[""central_interface_large_gap_range"",""periodic_interface_large_gap_range""]"	6	5	2.361651276120149	7.084953828360479	8.659388012440587	8.659388012440594	6.297736736320445	0.0	0.0	2.361651276120141	7.084953828360465	8.659388012440592	8.659388012440598	6.297736736320457	0.0	0.0	2.361651276120149	2.361651276120135	2.361651276120142	2.361651276120142	0	6	6	2.449489742783178	132.25247146272918	26.7190341142789	23.13936230754858	6	"[""UserWarning: Recommended repeat factor is at least 2."",""UserWarning: Commensurate repeat pair in y multiplied by 2 to satisfy the minimum in-plane dimension cutoff of 22 A."",""UserWarning: Commensurate repeat pair in z multiplied by 3 to satisfy the minimum in-plane dimension cutoff of 22 A."",""UserWarning: Recommended repeat factor is at least 2."",""UserWarning: Commensurate repeat pair in y multiplied by 2 to satisfy the minimum in-plane dimension cutoff of 22 A."",""UserWarning: Commensurate repeat pair in z multiplied by 3 to satisfy the minimum in-plane dimension cutoff of 22 A.""]"				
zhang_185_MX_111	185	generated	MX	111	6840	2280	4560	0.967573	155.0	0		/home/frenjc/projects/GBOpt/results/phase_a_geometry_audit/zhang_185_MX_111/structure.data	/home/frenjc/projects/GBOpt/results/phase_a_geometry_audit/zhang_185_MX_111/metadata.json	54e54222268bfd537f02e15f79d126b8a523fa47a38e2263727570a5ae330f93	suspicious	"[""central_interface_large_gap_range"",""central_interface_heavy_gap_tail"",""periodic_interface_large_gap_range"",""periodic_interface_heavy_gap_tail""]"	5	7	0.33069732473703084	4.739994987897575	7.738317398846725	9.03906020947909	8.708362884742058	0.0	0.0	2.0944163900012427	4.739994987897562	7.550922248162405	8.046968235267956	5.952551845266713	0.0	0.0	2.36165127612015	2.3616512761201447	2.226586176189903	2.361651276120152	0	17	153	12.36931687685298	134.9245084927123	22.48741808211872	32.724	4	"[""UserWarning: Recommended repeat factor is at least 2."",""UserWarning: Commensurate repeat pair in z multiplied by 2 to satisfy the minimum in-plane dimension cutoff of 22 A."",""UserWarning: Recommended repeat factor is at least 2."",""UserWarning: Commensurate repeat pair in z multiplied by 2 to satisfy the minimum in-plane dimension cutoff of 22 A.""]"				
zhang_186_MX_111	186	generated	MX	111	7272	2424	4848	1.03115	145.0	0		/home/frenjc/projects/GBOpt/results/phase_a_geometry_audit/zhang_186_MX_111/structure.data	/home/frenjc/projects/GBOpt/results/phase_a_geometry_audit/zhang_186_MX_111/metadata.json	0c0811bbe71b09ae498e19f1791f5136027c89caf9ab9af81d779cd794bd5df4	suspicious	"[""central_interface_large_gap_range"",""periodic_interface_large_gap_range"",""periodic_interface_heavy_gap_tail""]"	7	5	0.6427600640985531	3.856560384591404	5.527736551247694	6.427600640985702	5.784840576887149	0.0	0.0	1.9282801922956876	5.142080512788576	8.098776807642002	8.998640897380007	7.070360705084319	0.0	0.0	2.3616512761201465	2.3616512761201354	2.3616512761201434	2.3616512761201407	0	18	2	4.242640687119285	138.83617384529146	32.724	23.13936230754858	6	"[""UserWarning: Recommended repeat factor is at least 2."",""UserWarning: Commensurate repeat pair in y multiplied by 2 to satisfy the minimum in-plane dimension cutoff of 22 A."",""UserWarning: Commensurate repeat pair in z multiplied by 3 to satisfy the minimum in-plane dimension cutoff of 22 A."",""UserWarning: Recommended repeat factor is at least 2."",""UserWarning: Commensurate repeat pair in y multiplied by 2 to satisfy the minimum in-plane dimension cutoff of 22 A."",""UserWarning: Commensurate repeat pair in z multiplied by 3 to satisfy the minimum in-plane dimension cutoff of 22 A.""]"				
zhang_187_MX_111	187	generated	MX	111	39816	13272	26544	1.172801	166.078	0		/home/frenjc/projects/GBOpt/results/phase_a_geometry_audit/zhang_187_MX_111/structure.data	/home/frenjc/projects/GBOpt/results/phase_a_geometry_audit/zhang_187_MX_111/metadata.json	eeee8fc18174933b3c21050a9ea962b4a8526ca665fc36c5089c4a4151af3124	suspicious	"[""central_interface_large_gap_range"",""central_interface_heavy_gap_tail"",""periodic_interface_large_gap_range"",""periodic_interface_heavy_gap_tail""]"	7	28	1.8179999999999907	3.746280192295721	6.473280192295713	7.492560384591435	5.6745603845914445	0.0	0.0	2.3827801922957077	4.311060384591431	7.038060384591442	8.85606038459143	6.473280192295722	0.0	0.0	2.361727169577566	2.36028832543381	2.321363157416143	2.5504192716377343	0	27	2	3.0	134.86608692264574	32.724	131.0095265380543	4	"[""UserWarning: Recommended repeat factor is at least 2."",""UserWarning: Commensurate repeat pair in y multiplied by 2 to satisfy the minimum in-plane dimension cutoff of 22 A."",""UserWarning: Recommended repeat factor is at least 2."",""UserWarning: Commensurate repeat pair in y multiplied by 2 to satisfy the minimum in-plane dimension cutoff of 22 A.""]"				
zhang_188_MX_111	188	generated	MX	111	7236	2412	4824	1.308713	151.918	0		/home/frenjc/projects/GBOpt/results/phase_a_geometry_audit/zhang_188_MX_111/structure.data	/home/frenjc/projects/GBOpt/results/phase_a_geometry_audit/zhang_188_MX_111/metadata.json	08666b4b26fcd5278d33ddee757b4e17e78ad7b4f6a80709a55444afe6226429	suspicious	"[""central_interface_large_gap_range"",""periodic_interface_large_gap_range"",""periodic_interface_heavy_gap_tail""]"	7	5	2.5976838722215376	5.566465440474744	7.644612538251992	9.648540096822913	7.050856224601375	0.0	0.0	3.3398792642848316	5.937563136506403	9.017674013569117	11.875126273012848	8.535247008728016	0.0	0.0	2.36165127612015	2.361651276120124	3.245779220772708	4.165561306714832	0	6	162	7.3484692283495345	160.31420468567342	28.339815313441967	23.13936230754858	2	"[""UserWarning: Recommended repeat factor is at least 2."",""UserWarning: Recommended repeat factor is at least 2.""]"				
zhang_189_MX_111	189	generated	MX	111	10632	3544	7088	1.334364	150.0	0		/home/frenjc/projects/GBOpt/results/phase_a_geometry_audit/zhang_189_MX_111/structure.data	/home/frenjc/projects/GBOpt/results/phase_a_geometry_audit/zhang_189_MX_111/metadata.json	8d1f45cbcde0a87fdeb3742c64b956ba2e1c808c91e73c5b7adf1d645fe32931	suspicious	"[""central_interface_large_gap_range"",""central_interface_heavy_gap_tail"",""periodic_interface_large_gap_range"",""periodic_interface_heavy_gap_tail""]"	6	7	2.3175043689279278	4.991547871537065	7.64776441746214	9.09174790887107	6.774243539943143	0.0	0.0	1.4261565347248535	3.9219304704934004	6.587060494760486	7.130782673624379	5.704626138899526	0.0	0.0	2.361651276120142	2.3616512761201407	2.3616512761201705	2.226586176189911	0	234	26	15.297058540778355	166.8603145628103	27.810052427135044	32.724	4	"[""UserWarning: Recommended repeat factor is at least 2."",""UserWarning: Commensurate repeat pair in z multiplied by 2 to satisfy the minimum in-plane dimension cutoff of 22 A."",""UserWarning: Recommended repeat factor is at least 2."",""UserWarning: Commensurate repeat pair in z multiplied by 2 to satisfy the minimum in-plane dimension cutoff of 22 A.""]"				
zhang_190_MX_111	190	generated	MX	111	11856	3952	7904	1.400409	155.0	0		/home/frenjc/projects/GBOpt/results/phase_a_geometry_audit/zhang_190_MX_111/structure.data	/home/frenjc/projects/GBOpt/results/phase_a_geometry_audit/zhang_190_MX_111/metadata.json	b66081806e2fec8b4f3f58afdf5b55fa6fbc4fb896624d0a7929045a04c0cc05	suspicious	"[""central_interface_large_gap_range"",""central_interface_heavy_gap_tail"",""periodic_interface_large_gap_range""]"	8	6	2.014022975403833	5.538563182360562	8.05609190161536	8.056091901615375	6.042068926211542	0.0	0.0	1.342681983602574	5.370727934410242	7.384750909814107	7.720421405714747	6.377739422112173	0.0	0.0	2.3616512761201385	2.3616512761201283	2.3616512761201474	2.361651276120152	0	66	66	8.12403840463596	177.2340218355381	36.1777432131967	26.7190341142789	6	"[""UserWarning: Recommended repeat factor is at least 2."",""UserWarning: Commensurate repeat pair in y multiplied by 2 to satisfy the minimum in-plane dimension cutoff of 22 A."",""UserWarning: Commensurate repeat pair in z multiplied by 2 to satisfy the minimum in-plane dimension cutoff of 22 A."",""UserWarning: Recommended repeat factor is at least 2."",""UserWarning: Commensurate repeat pair in y multiplied by 2 to satisfy the minimum in-plane dimension cutoff of 22 A."",""UserWarning: Commensurate repeat pair in z multiplied by 2 to satisfy the minimum in-plane dimension cutoff of 22 A.""]"				
zhang_191_MX_111	191	generated	MX	111	11232	3744	7488	1.268425	151.809	0		/home/frenjc/projects/GBOpt/results/phase_a_geometry_audit/zhang_191_MX_111/structure.data	/home/frenjc/projects/GBOpt/results/phase_a_geometry_audit/zhang_191_MX_111/metadata.json	2a2319e2ebef9b8455b9bb5e9f72d29078066e47c23470cd8d848692f478db4b	suspicious	"[""central_interface_large_gap_range"",""central_interface_heavy_gap_tail"",""periodic_interface_large_gap_range"",""periodic_interface_heavy_gap_tail""]"	9	6	1.4877004666838616	4.463101400051613	8.628662706766491	9.223742893440033	7.736042426756171	0.0	0.0	1.4877004666838611	5.653261773398708	8.62866270676648	9.22374289344003	7.736042426756168	0.0	0.0	2.3616512761201394	2.361651276120128	2.3616512761201505	2.361651276120131	0	42	42	4.58257569495584	149.9602070417349	40.81399877493015	26.7190341142789	6	"[""UserWarning: Recommended repeat factor is at least 2."",""UserWarning: Commensurate repeat pair in y multiplied by 2 to satisfy the minimum in-plane dimension cutoff of 22 A."",""UserWarning: Commensurate repeat pair in z multiplied by 2 to satisfy the minimum in-plane dimension cutoff of 22 A."",""UserWarning: Recommended repeat factor is at least 2."",""UserWarning: Commensurate repeat pair in y multiplied by 2 to satisfy the minimum in-plane dimension cutoff of 22 A."",""UserWarning: Commensurate repeat pair in z multiplied by 2 to satisfy the minimum in-plane dimension cutoff of 22 A.""]"				
zhang_192_MX_111	192	generated	MX	111	11232	3744	7488	1.313195	141.562	0		/home/frenjc/projects/GBOpt/results/phase_a_geometry_audit/zhang_192_MX_111/structure.data	/home/frenjc/projects/GBOpt/results/phase_a_geometry_audit/zhang_192_MX_111/metadata.json	11c02fcf039207c91216e9ab112404c96f2d5b7d2927aaab29394dc9618a90b6	suspicious	"[""central_interface_large_gap_range"",""central_interface_heavy_gap_tail"",""periodic_interface_large_gap_range"",""periodic_interface_heavy_gap_tail""]"	9	6	1.4877004666838616	4.463101400051627	6.843422146745837	7.140962240082601	5.653261773398739	0.0	0.0	0.8926202800103056	5.0581815867251585	9.223742893440017	9.223742893440047	8.331122613429741	0.0	0.0	2.3616512761201394	2.3616512761201407	2.3616512761201505	2.361651276120129	0	42	42	4.58257569495584	149.9602070417349	40.81399877493015	26.7190341142789	6	"[""UserWarning: Recommended repeat factor is at least 2."",""UserWarning: Commensurate repeat pair in y multiplied by 2 to satisfy the minimum in-plane dimension cutoff of 22 A."",""UserWarning: Commensurate repeat pair in z multiplied by 2 to satisfy the minimum in-plane dimension cutoff of 22 A."",""UserWarning: Recommended repeat factor is at least 2."",""UserWarning: Commensurate repeat pair in y multiplied by 2 to satisfy the minimum in-plane dimension cutoff of 22 A."",""UserWarning: Commensurate repeat pair in z multiplied by 2 to satisfy the minimum in-plane dimension cutoff of 22 A.""]"				
zhang_193_MX_111	193	generated	MX	111	5544	1848	3696	1.27435	150.0	0		/home/frenjc/projects/GBOpt/results/phase_a_geometry_audit/zhang_193_MX_111/structure.data	/home/frenjc/projects/GBOpt/results/phase_a_geometry_audit/zhang_193_MX_111/metadata.json	612b71ead29a045ccba5af588ce4a99787fa039ae0853f1265b1279b82a9defc	suspicious	"[""central_interface_heavy_gap_tail"",""periodic_interface_large_gap_range"",""periodic_interface_heavy_gap_tail""]"	6	6	2.186464220085533	4.008517736823492	6.559392660256627	6.559392660256627	4.372928440171094	0.0	0.0	2.1864642200855253	4.372928440171074	7.288214066951805	7.288214066951806	5.10174984686628	0.0	0.0	2.361651276120152	2.3616512761201447	1.574434184080096	2.3616512761201482	0	42	42	4.58257569495584	122.44199632479044	24.99336784028915	26.7190341142789	4	"[""UserWarning: Recommended repeat factor is at least 2."",""UserWarning: Commensurate repeat pair in z multiplied by 2 to satisfy the minimum in-plane dimension cutoff of 22 A."",""UserWarning: Recommended repeat factor is at least 2."",""UserWarning: Commensurate repeat pair in z multiplied by 2 to satisfy the minimum in-plane dimension cutoff of 22 A.""]"				
zhang_194_MX_111	194	generated	MX	111	9072	3024	6048	1.332193	155.0	0		/home/frenjc/projects/GBOpt/results/phase_a_geometry_audit/zhang_194_MX_111/structure.data	/home/frenjc/projects/GBOpt/results/phase_a_geometry_audit/zhang_194_MX_111/metadata.json	b8ea77ccc3fab92a33800ecae8432998aef7a48ef94442cdd093697b0c594e3d	suspicious	"[""central_interface_large_gap_range"",""central_interface_heavy_gap_tail"",""periodic_interface_large_gap_range"",""periodic_interface_heavy_gap_tail""]"	6	9	2.2265861761898833	5.566465440474758	8.906344704759617	10.019637792854574	7.793051616664691	0.0	0.0	2.226586176189897	5.5664654404747616	9.295997285592833	10.019637792854574	7.793051616664677	0.0	0.0	2.3616512761201456	2.3616512761201403	2.361651276120139	2.3616512761201536	0	42	42	4.58257569495584	133.5951705713945	24.99336784028915	40.81399877493015	4	"[""UserWarning: Recommended repeat factor is at least 2."",""UserWarning: Commensurate repeat pair in z multiplied by 2 to satisfy the minimum in-plane dimension cutoff of 22 A."",""UserWarning: Recommended repeat factor is at least 2."",""UserWarning: Commensurate repeat pair in z multiplied by 2 to satisfy the minimum in-plane dimension cutoff of 22 A.""]"				
zhang_195_MX_111	195	generated	MX	111	7128	2376	4752	1.294453	145.0	0		/home/frenjc/projects/GBOpt/results/phase_a_geometry_audit/zhang_195_MX_111/structure.data	/home/frenjc/projects/GBOpt/results/phase_a_geometry_audit/zhang_195_MX_111/metadata.json	bb81e9095ebd00d22ea532b8a4739193cef2f519a39122ee66ae23f1d4273dfd	suspicious	"[""central_interface_large_gap_range"",""periodic_interface_large_gap_range"",""periodic_interface_heavy_gap_tail""]"	7	5	2.2265861761899117	5.195367744443132	7.5332832294425245	7.793051616664684	5.566465440474772	0.0	0.0	2.2265861761898686	7.050856224601346	10.836052724124176	11.875126273012832	9.648540096822963	0.0	0.0	2.361651276120143	2.3616512761201234	2.361651276120162	2.3616512761201287	0	54	6	7.3484692283495345	160.31420468567342	28.339815313441967	23.13936230754858	4	"[""UserWarning: Recommended repeat factor is at least 2."",""UserWarning: Commensurate repeat pair in z multiplied by 3 to satisfy the minimum in-plane dimension cutoff of 22 A."",""UserWarning: Recommended repeat factor is at least 2."",""UserWarning: Commensurate repeat pair in z multiplied by 3 to satisfy the minimum in-plane dimension cutoff of 22 A.""]"				
zhang_196_MX_111	196	generated	MX	111	12384	4128	8256	2.742952	155.0	0		/home/frenjc/projects/GBOpt/results/phase_a_geometry_audit/zhang_196_MX_111/structure.data	/home/frenjc/projects/GBOpt/results/phase_a_geometry_audit/zhang_196_MX_111/metadata.json	42ab7844d779b8f27b77bb8b22d149c20624bcecf616672b0fb4ea9d47417245	suspicious	"[""central_interface_large_gap_range"",""central_interface_heavy_gap_tail"",""periodic_interface_large_gap_range"",""periodic_interface_heavy_gap_tail""]"	9	8	1.382841391586794	4.3789977400248645	7.144680523198467	8.066574784256332	6.683733392669538	0.0	0.0	1.1523678263223338	4.839944870553799	8.066574784256327	10.140836871636523	8.98846904531419	0.0	0.0	2.361651276120143	2.3616512761201394	2.361651276120157	2.3616512761201536	0	70	70	5.916079783099616	129.06519654810123	40.81399877493015	34.494124717116684	6	"[""UserWarning: Recommended repeat factor is at least 2."",""UserWarning: Commensurate repeat pair in y multiplied by 2 to satisfy the minimum in-plane dimension cutoff of 22 A."",""UserWarning: Commensurate repeat pair in z multiplied by 2 to satisfy the minimum in-plane dimension cutoff of 22 A."",""UserWarning: Recommended repeat factor is at least 2."",""UserWarning: Commensurate repeat pair in y multiplied by 2 to satisfy the minimum in-plane dimension cutoff of 22 A."",""UserWarning: Commensurate repeat pair in z multiplied by 2 to satisfy the minimum in-plane dimension cutoff of 22 A.""]"				
zhang_197_MX_111	197	generated	MX	111	7968	2656	5312	3.602141	140.0	0		/home/frenjc/projects/GBOpt/results/phase_a_geometry_audit/zhang_197_MX_111/structure.data	/home/frenjc/projects/GBOpt/results/phase_a_geometry_audit/zhang_197_MX_111/metadata.json	85b3b844db1174a96c54e308a8eccd3dacb5ced58976e687cd1501e46a782b22	suspicious	"[""central_interface_large_gap_range"",""central_interface_heavy_gap_tail"",""periodic_interface_large_gap_range"",""periodic_interface_heavy_gap_tail""]"	7	6	1.422810054083115	4.166800872671985	7.114050270415575	8.33360174534397	6.9107916912608545	0.0	0.0	1.8293272123926267	6.707533112106157	9.756411799427122	9.959670378581851	8.130343166189224	0.0	0.0	2.361651276120138	2.3616512761201505	2.3616512761201514	2.3616512761202015	0	45	5	6.708203932499369	146.34617699140625	32.724	24.391029498567708	6	"[""UserWarning: Recommended repeat factor is at least 2."",""UserWarning: Commensurate repeat pair in y multiplied by 2 to satisfy the minimum in-plane dimension cutoff of 22 A."",""UserWarning: Commensurate repeat pair in z multiplied by 2 to satisfy the minimum in-plane dimension cutoff of 22 A."",""UserWarning: Recommended repeat factor is at least 2."",""UserWarning: Commensurate repeat pair in y multiplied by 2 to satisfy the minimum in-plane dimension cutoff of 22 A."",""UserWarning: Commensurate repeat pair in z multiplied by 2 to satisfy the minimum in-plane dimension cutoff of 22 A.""]"				
